Time,Open,High,Low,Latest,Change,%Change,Volume
1/4/21,306.1856,306.3605,296.5368,300.5499,-4.3045,-1.41%,46626427
1/5/21,299.5588,303.2998,299.5588,303.0277,2.4778,0.82%,30178082
1/6/21,298.3053,303.0471,297.3142,298.83,-4.1977,-1.39%,54348846
1/7/21,301.4924,306.8949,301.4633,306.0593,7.2293,2.42%,31280719
1/8/21,308.3525,310.3444,306.1578,309.9946,3.9353,1.29%,34945507
1/11/21,307.031,308.2067,304.8641,305.5152,-4.4794,-1.44%,33827030
1/12/21,305.554,306.6423,302.3864,305.0293,-0.4859,-0.16%,30119738
1/13/21,305.2917,307.8861,304.6893,307.0893,2.06,0.68%,23565819
1/14/21,307.5363,308.5371,304.9726,305.4472,-1.6421,-0.53%,24185053
1/15/21,305.2334,306.1953,301.7839,303.0277,-2.4195,-0.79%,36142296
1/19/21,305.35,307.9541,304.252,307.4488,4.4211,1.46%,25252180
1/20/21,311.0732,315.5429,307.545,314.6004,7.1516,2.33%,31623621
1/21/21,315.9413,317.8652,314.5615,317.117,2.5166,0.80%,26054809
1/22/21,316.0773,317.2142,315.5137,316.2037,-0.9133,-0.29%,22239243
1/25/21,319.5948,320.9649,312.3072,318.8174,2.6137,0.83%,40219681
1/26/21,319.5365,320.4207,317.9526,319.2839,0.4665,0.15%,26241287
1/27/21,317.0198,317.0296,308.3719,310.3833,-8.9006,-2.79%,56874667
1/28/21,311.5882,317.1753,310.9663,312.2197,1.8364,0.59%,44084856
1/29/21,310.529,311.6361,303.9022,305.6512,-6.5685,-2.10%,56869628
2/1/21,309.1007,314.3769,307.0698,313.2886,7.6374,2.50%,36684972
2/2/21,316.2619,319.5559,316.0968,318.3996,5.111,1.63%,34919782
2/3/21,320.479,320.8434,317.0781,317.1365,-1.2631,-0.40%,25548053
2/4/21,318.5357,320.9746,317.2142,320.8871,3.7506,1.18%,23002362
2/5/21,321.8394,322.9884,320.1972,321.9754,1.0883,0.34%,23394464
2/8/21,323.6661,324.288,322.024,324.1325,2.1571,0.67%,21059228
2/9/21,323.1997,325.3277,323.19,324.0645,-0.068,-0.02%,18110310
2/10/21,325.5026,325.9593,320.1681,323.326,-0.7385,-0.23%,28886821
2/11/21,324.8613,325.5123,322.7139,325.1042,1.7782,0.55%,22688574
2/12/21,324.2588,327.0864,323.2094,326.9212,1.817,0.56%,20939850
2/16/21,327.6792,328.612,324.871,326.037,-0.8842,-0.27%,27870023
2/17/21,323.054,326.1507,320.8191,324.4726,-1.5644,-0.48%,32384581
2/18/21,320.8774,324.4105,319.0603,323.054,-1.4186,-0.44%,33175783
2/19/21,324.4046,324.5309,320.6248,321.645,-1.409,-0.44%,40298929
2/22/21,317.253,318.5162,313.104,313.308,-8.337,-2.59%,48634297
2/23/21,308.0221,314.0465,302.192,312.3752,-0.9328,-0.30%,100076209
2/24/21,309.7128,315.2611,307.0115,314.9502,2.575,0.82%,59902730
2/25/21,312.2878,314.853,302.4252,303.9702,-10.98,-3.49%,113393968
2/26/21,306.9047,310.0723,302.0754,305.2431,1.2729,0.42%,107792650
3/1/21,310.2278,314.7655,308.9306,314.4255,9.1824,3.01%,50597486
3/2/21,315.0668,315.1445,309.1298,309.3824,-5.0431,-1.60%,49779848
3/3/21,308.2844,309.227,300.3458,300.4041,-8.9783,-2.90%,88816419
3/4/21,300.0349,303.2026,291.6104,295.4874,-4.9167,-1.64%,143186784
3/5/21,298.111,300.8404,289.0258,299.9377,4.4503,1.51%,125065746
3/8/21,299.3936,301.2786,291.0274,291.4453,-8.4924,-2.83%,90986552
3/9/21,298.762,304.8447,298.2276,302.9402,11.4949,3.94%,82734268
3/10/21,307.2059,307.5071,301.3855,302.0754,-0.8648,-0.29%,79036435
3/11/21,306.8269,310.8011,305.933,309.0326,6.9572,2.30%,55043728
3/12/21,304.971,309.2175,302.5719,306.5257,-2.5069,-0.81%,71335942
3/15/21,306.8464,309.9655,305.1994,309.8002,3.2745,1.07%,44380015
3/16/21,311.9963,315.0182,310.0626,311.5007,1.7005,0.55%,56526822
3/17/21,308.4594,314.6781,306.7395,312.7833,1.2826,0.41%,80539714
3/18/21,307.8958,308.8773,302.7459,303.2026,-9.5807,-3.06%,85359703
3/19/21,303.0374,305.8164,300.8901,304.2714,1.0688,0.35%,80732676
3/22/21,306.6696,312.0498,306.6696,309.9775,5.7061,1.88%,57759653
3/23/21,311.0672,312.3903,307.8031,308.6252,-1.3523,-0.44%,54944060
3/24/21,309.997,310.0359,303.2742,303.4201,-5.2051,-1.69%,66608406
3/25/21,301.5697,304.4076,299.0614,302.8948,-0.5253,-0.17%,80921491
3/26/21,302.6807,307.7593,301.2797,307.4382,4.5434,1.50%,65288548
3/29/21,306.9031,308.4014,304.0039,307.3507,-0.0875,-0.03%,56128657
3/30/21,305.3854,306.3778,303.0991,305.8038,-1.5469,-0.50%,45878637
3/31/21,307.5939,312.0498,307.2534,310.4834,4.6796,1.53%,56565090
4/1/21,314.3167,315.9122,314.0637,315.776,5.2926,1.70%,57236384
4/5/21,318.2667,322.849,315.8417,322.0805,6.3045,2.00%,43346842
4/6/21,321.7691,323.8122,321.0784,321.8567,-0.2238,-0.07%,34471170
4/7/21,321.38,323.4717,320.446,322.635,0.7783,0.24%,32938749
4/8/21,325.4954,326.1861,324.6975,326.0013,3.3663,1.04%,30774506
4/9/21,324.6392,328.1806,323.8998,327.9763,1.975,0.61%,37685865
4/12/21,326.9353,327.9665,325.6608,327.5482,-0.4281,-0.13%,26552418
4/13/21,329.0756,331.8387,328.8616,331.3717,3.8235,1.17%,31219880
4/14/21,331.6149,331.7414,326.5753,327.3925,-3.9792,-1.20%,43749668
4/15/21,330.2723,332.7435,327.1058,332.3543,4.9618,1.52%,37354903
4/16/21,332.8797,332.9576,330.8658,332.7435,0.3892,0.12%,41998003
4/19/21,331.1674,332.3251,327.7735,329.6983,-3.0452,-0.92%,35494805
4/20/21,329.0368,330.321,325.3218,327.2952,-2.4031,-0.73%,39142334
4/21/21,326.011,330.2821,324.9213,330.0972,2.802,0.86%,37617208
4/22/21,329.7081,330.6907,324.9603,326.118,-3.9792,-1.21%,47215366
4/23/21,326.7504,331.5342,326.7504,330.2237,4.1057,1.26%,37429010
4/26/21,330.4669,332.656,329.7178,332.3738,2.1501,0.65%,31669972
4/27/21,332.6657,332.8797,329.9805,330.9339,-1.4399,-0.43%,34111317
4/28/21,330.6031,331.6149,329.1633,329.8151,-1.1188,-0.34%,34551749
4/29/21,333.0938,333.5121,327.772,331.002,1.1869,0.36%,38758943
4/30/21,328.5503,331.0409,327.9179,328.8324,-2.1696,-0.66%,39328989
5/3/21,330.0388,330.788,326.6337,327.0812,-1.7512,-0.53%,30557633
5/4/21,324.5224,324.8435,317.3716,321.1951,-5.8861,-1.80%,66961166
5/5/21,323.2479,324.1138,319.3369,320.1152,-1.0799,-0.34%,47506449
5/6/21,319.8525,322.6837,317.6051,322.528,2.4128,0.75%,48117917
5/7/21,325.3105,327.5287,322.7045,325.1451,2.6171,0.81%,54809423
5/10/21,323.7636,323.9387,316.7295,316.9338,-8.2113,-2.53%,62390830
5/11/21,311.038,317.2937,310.3764,316.496,-0.4378,-0.14%,73967692
5/12/21,311.5536,313.8789,307.4382,308.3041,-8.1919,-2.59%,93703633
5/13/21,311.252,313.6648,308.3139,310.6877,2.3836,0.77%,71823708
5/14/21,313.8594,318.4613,313.3535,317.5467,6.859,2.21%,45605655
5/17/21,315.8344,317.5293,312.7406,315.6204,-1.9263,-0.61%,40491995
5/18/21,316.5738,317.7997,313.2173,313.4897,-2.1307,-0.68%,37545671
5/19/21,308.0804,314.1513,307.7301,313.8497,0.36,0.11%,68166001
5/20/21,315.3382,320.7767,315.1145,319.9206,6.0709,1.93%,47760123
5/21/21,321.4772,321.8956,317.79,318.1499,-1.7707,-0.55%,51732042
5/24/21,320.446,324.6295,318.046,323.5009,5.351,1.68%,33380111
5/25/21,325.0187,325.7386,322.7664,323.9484,0.4475,0.14%,32151423
5/26/21,324.6198,325.544,323.929,325.077,1.1286,0.35%,26153509
5/27/21,324.6295,325.4759,323.6566,323.8609,-1.2161,-0.37%,28709562
5/28/21,325.0673,326.4779,324.5614,324.8824,1.0215,0.32%,30760843
6/1/21,326.2153,326.6872,322.4501,323.8025,-1.0799,-0.33%,32012764
6/2/21,324.2209,325.2813,322.708,324.4349,0.6324,0.20%,22661906
6/3/21,321.594,322.8685,319.3855,321.0589,-3.376,-1.04%,38089814
6/4/21,322.8588,326.953,322.7907,326.5072,5.4483,1.70%,39815261
6/7/21,325.9721,327.5385,325.2813,327.4801,0.9729,0.30%,33519998
6/8/21,329.2216,330.0972,325.9526,327.6358,0.1557,0.05%,28042588
6/9/21,329.0076,329.7859,327.5297,327.7136,0.0778,0.02%,22083637
6/10/21,328.0541,331.2355,327.6066,331.1285,3.4149,1.04%,34640557
6/11/21,331.1382,332.0041,330.4864,331.9944,0.8659,0.26%,21813826
6/14/21,332.4224,335.1855,331.2355,335.1758,3.1814,0.96%,28602665
6/15/21,334.8255,335.1369,332.2668,332.9867,-2.1891,-0.65%,36965250
6/16/21,333.4537,334.5239,328.3071,331.7706,-1.2161,-0.37%,56942309
6/17/21,330.7588,336.9951,330.7102,335.9833,4.2127,1.27%,61385900
6/18/21,334.3196,335.4659,332.5975,333.3467,-2.6366,-0.78%,56958031
6/21/21,333.5386,335.7399,331.3178,335.4185,2.0718,0.62%,33872107
6/22/21,335.2139,338.9932,334.912,338.5451,3.1266,0.93%,29713122
6/23/21,338.4867,339.8601,337.8731,338.7107,0.1656,0.05%,27913183
6/24/21,340.6491,342.3341,340.1036,340.8049,2.0942,0.62%,33450155
6/25/21,341.3698,341.6134,339.7821,340.3861,-0.4188,-0.12%,29447413
6/28/21,341.6718,344.6621,341.6134,344.5257,4.1396,1.22%,40173428
6/29/21,344.3504,345.8016,343.5127,345.7725,1.2468,0.36%,30210429
6/30/21,345.6166,346.0062,344.6426,345.227,-0.5455,-0.16%,33596248
7/1/21,344.8764,345.8699,343.5224,345.3634,0.1364,0.04%,30070701
7/2/21,347.2627,349.6491,347.029,349.3277,3.9643,1.15%,33599636
7/6/21,349.9316,351.1199,347.2335,350.8374,1.5097,0.43%,39877754
7/7/21,353.0388,353.3407,349.6199,351.5777,0.7403,0.21%,36205295
7/8/21,346.503,350.3115,345.2173,349.4543,-2.1234,-0.60%,52246615
7/9/21,348.8699,352.1134,348.2855,351.6362,2.1819,0.62%,36122438
7/12/21,353.0388,353.4674,351.4608,353.0096,1.3734,0.39%,26403170
7/13/21,352.6297,355.9755,352.1524,353.0096,0,0.00%,40781920
7/14/21,355.3569,355.9998,352.8147,353.6427,0.6331,0.18%,36278284
7/15/21,353.555,353.7596,349.1524,351.1589,-2.4838,-0.70%,54814795
7/16/21,352.016,352.9998,347.964,348.3147,-2.8442,-0.81%,48521799
7/19/21,344.8569,345.9575,342.8991,345.4608,-2.8539,-0.82%,66121485
7/20/21,346.3959,350.9251,344.6134,349.4738,4.013,1.16%,43308225
7/21/21,349.0452,352.1719,348.8212,352.1719,2.6981,0.77%,31066457
7/22/21,352.3764,354.5096,352.3764,354.4998,2.3279,0.66%,31058660
7/23/21,355.8245,358.9171,354.4664,358.6395,4.1397,1.17%,32812699
7/26/21,357.9479,359.3116,357.082,358.9219,0.2824,0.08%,29196198
7/27/21,358.6589,358.6589,350.8082,354.9674,-3.9545,-1.10%,59477459
7/28/21,356.107,357.9089,353.8082,356.331,1.3636,0.38%,43187488
7/29/21,355.7661,358.1324,355.7661,356.9641,0.6331,0.18%,26356872
7/30/21,353.029,355.6882,352.9998,355.1037,-1.8604,-0.52%,37457201
8/2/21,356.7693,357.3537,354.4219,355.1329,0.0292,0.01%,28062667
8/3/21,355.7953,357.4024,352.6004,357.2856,2.1527,0.61%,36506404
8/4/21,357.2466,358.7564,356.1362,357.8018,0.5162,0.14%,30391329
8/5/21,358.62,360.3051,357.9089,360.0713,2.2695,0.63%,22015548
8/6/21,358.805,359.7791,357.3781,358.4934,-1.5779,-0.44%,34220655
8/9/21,358.9512,359.6817,357.8505,359.1557,0.6623,0.18%,26652242
8/10/21,359.6719,359.9642,356.1264,357.3148,-1.8409,-0.51%,36067206
8/11/21,358.581,359.0778,355.3667,356.7011,-0.6137,-0.17%,35162824
8/12/21,356.1947,358.3472,354.8359,357.9869,1.2858,0.36%,26696999
8/13/21,358.3375,359.5745,357.8408,359.2434,1.2565,0.35%,19851555
8/16/21,358.1232,359.4382,354.2563,359.3992,0.1558,0.04%,35978300
8/17/21,356.6427,357.6167,353.7985,356.2336,-3.1656,-0.88%,45988005
8/18/21,355.6979,357.1005,352.4689,352.805,-3.4286,-0.96%,39569342
8/19/21,350.8667,356.1849,350.6134,354.5096,1.7046,0.48%,49792173
8/20/21,355.581,358.581,355.2693,358.1817,3.6721,1.04%,40538605
8/23/21,359.2239,364.2255,359.2142,363.5389,5.3572,1.50%,34941985
8/24/21,364.133,365.2532,363.6655,364.6492,1.1103,0.31%,22312254
8/25/21,364.9025,365.6428,364.1477,365.0681,0.4189,0.11%,20986731
8/26/21,364.211,364.8928,362.3116,362.7499,-2.3182,-0.64%,29909928
8/27/21,363.383,366.7824,362.896,366.2759,3.526,0.97%,27827250
8/30/21,367.0649,370.8733,367.0454,370.3863,4.1104,1.12%,28023242
8/31/21,370.6298,370.697,368.5357,370.0844,-0.3019,-0.08%,30417915
9/1/21,371.1461,372.7727,370.4935,370.698,0.6136,0.17%,28888405
9/2/21,372.0519,372.3831,369.3051,370.5227,-0.1753,-0.05%,26183366
9/3/21,369.3733,372.0617,369.3541,371.6623,1.1396,0.31%,25281347
9/7/21,371.7695,372.8389,370.6086,372.1883,0.526,0.14%,24609191
9/8/21,372.013,372.013,368.6233,370.8928,-1.2955,-0.35%,33827452
9/9/21,371.1169,372.2272,369.3733,369.6168,-1.276,-0.34%,30182613
9/10/21,371.3312,372.0519,366.4756,366.8116,-2.8052,-0.76%,41322359
9/13/21,369.1493,369.5779,364.5032,366.5584,-0.2532,-0.07%,50041037
9/14/21,368.0486,368.7792,364.5616,365.5162,-1.0422,-0.28%,42941599
9/15/21,365.974,368.5844,363.6752,368.2337,2.7175,0.74%,35006771
9/16/21,366.8993,369.0616,364.9658,368.487,0.2533,0.07%,36131162
9/17/21,368.0097,368.0584,363.0811,364.1233,-4.3637,-1.18%,62535979
9/20/21,358.3155,360.0609,351.948,356.5993,-7.524,-2.07%,78147967
9/21/21,358.4325,359.6319,355.9069,357.0381,0.4388,0.12%,42997420
9/22/21,357.9547,361.8356,356.8513,360.373,3.3349,0.93%,48171689
9/23/21,361.5334,364.7317,360.8888,363.6981,3.3251,0.92%,45791560
9/24/21,361.4261,364.4587,361.0556,364.0394,0.3413,0.09%,36976998
9/27/21,360.9873,362.0127,358.5788,361.1336,-2.9058,-0.80%,44444017
9/28/21,356.5701,361.0868,350.4073,350.9143,-10.2193,-2.83%,100195047
9/29/21,352.182,354.3273,349.7101,350.3391,-0.5752,-0.16%,59558754
9/30/21,351.987,353.6544,348.2133,349.0519,-1.2872,-0.37%,62951080
10/1/21,349.676,352.26,345.561,351.2167,2.1648,0.62%,57814138
10/4/21,349.5979,349.9295,341.602,343.8448,-7.3719,-2.10%,78725134
10/5/21,344.9077,350.7388,344.6834,348.4863,4.6415,1.35%,48438329
10/6/21,345.2684,350.9924,344.3616,350.7194,2.2331,0.64%,58256247
10/7/21,353.7714,356.5896,353.2352,353.9372,3.2178,0.92%,40416906
10/8/21,355.0196,355.2503,351.6359,352.1723,-1.7649,-0.50%,42889635
10/11/21,350.6316,354.1615,349.3834,349.4712,-2.7011,-0.77%,35736429
10/12/21,350.9241,351.3629,347.6087,348.2523,-1.2189,-0.35%,45025600
10/13/21,350.5633,351.714,348.5351,351.0411,2.7888,0.80%,41144618
10/14/21,354.6393,357.7207,353.9762,357.5061,6.465,1.84%,44542271
10/15/21,358.725,359.8757,357.6914,359.7586,2.2525,0.63%,41451353
10/18/21,358.4617,363.5909,357.8572,363.3763,3.6177,1.01%,35394314
10/19/21,364.449,366.1749,363.4225,366.1261,2.7498,0.76%,29833328
10/20/21,366.5845,367.1939,364.1662,365.6484,-0.4777,-0.13%,32191401
10/21/21,364.8488,368.0764,364.5465,367.8814,2.233,0.61%,26119190
10/22/21,366.6235,367.5888,363.1179,364.7903,-3.0911,-0.84%,37201582
10/25/21,366.2139,369.4415,364.2637,368.5249,3.7346,1.02%,33429726
10/26/21,370.7677,373.186,368.5006,369.6853,1.1604,0.31%,48395560
10/27/21,370.1339,373.615,369.8706,370.5434,0.8581,0.23%,46928245
10/28/21,372.4449,374.9119,371.6697,374.6584,4.115,1.11%,38976973
10/29/21,371.577,376.6671,371.226,376.5014,1.843,0.49%,38262279
11/1/21,376.9402,377.9153,374.8534,377.7885,1.2871,0.34%,31550456
11/2/21,377.1742,379.846,377.1254,379.3682,1.5797,0.42%,25776670
11/3/21,379.8558,383.8147,378.8124,383.3954,4.0272,1.06%,34610203
11/4/21,384.6631,389.2656,384.117,388.31,4.9146,1.28%,41292903
11/5/21,390.0847,391.0111,387.2764,388.6806,0.3706,0.10%,44490986
11/8/21,388.6513,389.6752,387.5104,388.154,-0.5266,-0.14%,30002841
11/9/21,389.2266,389.6264,384.117,385.4822,-2.6718,-0.69%,51779261
11/10/21,382.7031,385.5212,377.886,379.8168,-5.6654,-1.47%,56339340
11/11/21,382.8006,382.9761,380.5286,380.8699,1.0531,0.28%,33065763
11/12/21,382.0205,385.4139,380.4213,384.8776,4.0077,1.05%,35616854
11/15/21,386.0575,386.3793,382.3374,384.7898,-0.0878,-0.02%,34577282
11/16/21,384.0585,388.0272,383.8635,387.5299,2.7401,0.71%,28584240
11/17/21,387.8517,389.7723,386.7693,387.7347,0.2048,0.05%,29435727
11/18/21,389.7824,392.2592,387.5592,391.7521,4.0174,1.04%,46888356
11/19/21,393.3903,395.2138,392.5615,393.9364,2.1843,0.56%,46345029
11/22/21,395.4771,398.539,389.2559,389.3631,-4.5733,-1.16%,63290328
11/23/21,388.2027,390.27,383.1419,387.5884,-1.7747,-0.46%,71887684
11/24/21,385.1019,389.1193,382.7713,388.8366,1.2482,0.32%,48152611
11/26/21,386.2525,387.6469,380.0703,381.4647,-7.3719,-1.90%,52848477
11/29/21,386.038,390.7576,385.3067,389.7434,8.2787,2.17%,55836638
11/30/21,388.8561,391.2061,382.001,384.0195,-5.7239,-1.47%,83408276
12/1/21,388.3685,390.5138,377.0182,377.4862,-6.5333,-1.70%,80379510
12/2/21,376.1991,381.9913,374.7754,380.2068,2.7206,0.72%,86570985
12/3/21,381.572,382.5763,369.4708,373.5955,-6.6113,-1.74%,108037711
12/6/21,374.0831,377.9543,369.8608,376.5891,2.9936,0.80%,69313730
12/7/21,383.2492,388.544,383.2102,387.9297,11.3406,3.01%,57434501
12/8/21,388.2612,389.8702,386.3598,389.6654,1.7357,0.45%,40204518
12/9/21,388.4368,390.2407,383.7366,383.9317,-5.7337,-1.47%,51249077
12/10/21,386.7498,388.3685,383.5709,388.1052,4.1735,1.09%,53886718
12/13/21,388.0955,388.4124,382.1278,382.4983,-5.6069,-1.44%,51446696
12/14/21,377.6618,380.3823,374.0831,378.5394,-3.9589,-1.04%,77118240
12/15/21,378.2858,387.5297,374.3269,387.1691,8.6297,2.28%,75742920
12/16/21,388.1345,388.5587,375.6238,377.2132,-9.9559,-2.57%,84699097
12/17/21,373.7905,379.5047,372.2694,375.3312,-1.882,-0.50%,83726399
12/20/21,370.5969,372.4812,368.5465,371.6904,-3.6408,-0.97%,66918775
12/21/21,374.971,380.3214,371.2129,380.009,8.3186,2.24%,50083381
12/22/21,379.7161,384.842,379.0522,384.6369,4.6279,1.22%,37939092
12/23/21,384.9884,389.0061,384.8225,387.5367,2.8998,0.75%,30312086
12/27/21,388.8353,393.9416,388.8054,393.9416,6.4049,1.65%,33615379
12/28/21,394.8399,395.0156,391.2371,392.1158,-1.8258,-0.46%,33915470
12/29/21,392.2525,393.5218,389.6749,392.0572,-0.0586,-0.01%,33029222
12/30/21,391.8425,394.0294,390.2998,390.8856,-1.1716,-0.30%,24427473
12/31/21,390.212,391.5778,387.9468,388.4447,-2.4409,-0.62%,35594258
1/3/22,389.6163,392.438,387.4977,392.1842,3.7395,0.96%,41558243
1/4/22,392.7309,392.77,383.9906,387.0974,-5.0868,-1.30%,59432182
1/5/22,385.4082,386.5311,374.9514,375.2053,-11.8921,-3.07%,77573663
1/6/22,373.3795,378.1929,371.1436,374.9417,-0.2636,-0.07%,72528894
1/7/22,374.9514,376.6405,369.103,370.88,-4.0617,-1.08%,74411407
1/10/22,365.9592,371.6416,360.5794,371.1241,0.2441,0.07%,93992500
1/11/22,370.387,376.865,368.3007,376.6991,5.575,1.50%,69949322
1/12/22,379.2767,380.9756,375.9083,378.1929,1.4938,0.40%,55897743
1/13/22,379.5794,380.2628,367.7947,368.732,-9.4609,-2.50%,79882348
1/14/22,366.2033,371.3584,365.9982,371.0265,2.2945,0.62%,82061144
1/18/22,365.1976,367.3261,361.0289,361.7901,-9.2364,-2.49%,77647810
1/19/22,363.3523,365.8322,357.5527,357.8163,-3.9738,-1.10%,83771789
1/20/22,361.0481,365.0316,352.6319,353.1689,-4.6474,-1.30%,90756079
1/21/22,350.9721,353.618,343.0928,343.376,-9.7929,-2.77%,146860699
1/24/22,337.7228,345.6118,326.2506,344.9479,1.5719,0.46%,204277255
1/25/22,338.4747,342.7311,333.6026,336.9515,-7.9964,-2.32%,127410411
1/26/22,344.5671,348.4433,332.7239,336.4243,-0.5272,-0.16%,150108098
1/27/22,341.1401,342.9659,332.0111,333.0363,-3.388,-1.01%,97561999
1/28/22,334.9207,343.6982,329.9608,343.4833,10.447,3.14%,110786944
1/31/22,344.8503,355.0532,343.21,354.4674,10.9841,3.20%,96610188
2/1/22,355.8148,357.5332,350.6499,356.879,2.4116,0.68%,76235223
2/2/22,361.0188,361.3508,355.6732,359.7788,2.8998,0.81%,80684505
2/3/22,350.0543,353.3739,344.1278,345.192,-14.5868,-4.05%,97694217
2/4/22,345.7095,352.8564,343.6493,349.5466,4.3546,1.26%,88408288
2/7/22,350.1421,352.5147,345.4751,346.7346,-2.812,-0.80%,59607139
2/8/22,345.5923,351.7238,344.4597,350.6303,3.8957,1.12%,66287965
2/9/22,355.1606,358.1385,353.5594,358.0604,7.4301,2.12%,57116658
2/10/22,351.0209,357.8246,348.1113,349.9566,-8.1038,-2.26%,115191567
2/11/22,349.9566,351.5579,337.6252,338.8554,-11.1012,-3.17%,104028362
2/14/22,338.2989,342.6828,335.7604,339.2753,0.4199,0.12%,82197559
2/15/22,344.5671,347.9453,343.5029,347.711,8.4357,2.49%,56731957
2/16/22,345.4556,348.6479,342.4191,347.6232,-0.0878,-0.03%,60374251
2/17/22,344.4011,345.1041,336.8636,337.2835,-10.3397,-2.97%,63297667
2/18/22,338.2208,338.6113,331.1227,333.4366,-3.8469,-1.14%,81938557
2/22/22,330.488,335.9068,326.4459,330.0877,-3.3489,-1.00%,88048591
2/23/22,333.2511,334.0937,321.32,321.6325,-8.4552,-2.56%,88302776
2/24/22,311.3025,332.9777,310.7363,332.4407,10.8082,3.36%,133776513
2/25/22,333.2413,337.8009,329.414,337.5959,5.1552,1.55%,80750979
2/28/22,334.413,340.3004,333.2511,338.6015,1.0056,0.30%,79392369
3/1/22,337.5764,339.8493,330.8883,333.4171,-5.1844,-1.53%,69039093
3/2/22,334.9695,340.3493,332.1966,339.0116,5.5945,1.68%,72318640
3/3/22,341.6576,341.765,332.3041,334.1689,-4.8427,-1.43%,72810549
3/4/22,331.8061,333.2413,327.0024,329.3261,-4.8428,-1.45%,78874309
3/7/22,329.3164,330.4783,316.9752,317.1802,-12.1459,-3.69%,92111338
3/8/22,316.3894,325.3328,312.3765,315.7059,-1.4743,-0.46%,118966309
3/9/22,323.9074,328.4279,321.3102,327.0708,11.3649,3.60%,66290411
3/10/22,322.9993,324.6494,318.9865,323.4387,-3.6321,-1.11%,71042155
3/11/22,326.4166,326.729,316.2429,316.7311,-6.7076,-2.07%,67933964
3/14/22,315.4911,318.8693,309.9454,310.6484,-6.0827,-1.92%,81734830
3/15/22,313.2943,321.1736,311.6833,320.3924,9.744,3.14%,78322473
3/16/22,324.3174,332.3919,320.6375,332.2748,11.8824,3.71%,107791088
3/17/22,330.3709,336.3559,329.0729,336.2973,4.0225,1.21%,69451769
3/18/22,334.6375,343.4736,333.4757,343.1807,6.8834,2.05%,87515181
3/21/22,342.3439,344.5728,337.8227,342.2266,-0.9541,-0.28%,75492534
3/22/22,342.7251,349.8223,342.3439,348.9523,6.7257,1.97%,64799548
3/23/22,346.0684,349.6365,343.8787,343.9373,-5.015,-1.44%,72235889
3/24/22,345.8631,351.6308,343.7065,351.5819,7.6446,2.22%,54784180
3/25/22,351.5232,352.579,346.9813,351.2886,-0.2933,-0.08%,58905544
3/28/22,351.2789,356.8217,350.0374,356.7239,5.4353,1.55%,58138019
3/29/22,360.6244,363.4887,357.8481,362.863,6.1391,1.72%,69635035
3/30/22,360.9861,362.6578,357.3691,358.855,-4.008,-1.10%,70335544
3/31/22,359.0016,359.3536,353.5664,354.4071,-4.4479,-1.24%,68549173
4/1/22,354.671,355.453,350.5457,353.7326,-0.6745,-0.19%,55778990
4/4/22,354.5733,361.0252,354.3093,361.0154,7.2828,2.06%,47004562
4/5/22,359.5589,360.2725,351.8556,352.9994,-8.016,-2.22%,64178321
4/6/22,347.6716,348.7763,342.6958,345.3352,-7.6642,-2.17%,92144099
4/7/22,344.3381,348.3559,340.8678,346.1564,0.8212,0.24%,65240861
4/8/22,344.4163,345.169,340.682,341.3175,-4.8389,-1.40%,63377752
4/11/22,337.0748,337.9937,332.8957,333.2428,-8.0747,-2.37%,67624424
4/12/22,338.0035,339.8902,330.4518,331.8351,-1.4077,-0.42%,74460578
4/13/22,332.1772,339.636,331.4538,338.5803,6.7452,2.03%,62775960
4/14/22,338.6683,339.1864,330.6229,330.8379,-7.7424,-2.29%,75206426
4/18/22,329.7822,333.3894,328.2581,331.0921,0.2542,0.08%,59904346
4/19/22,330.4469,339.069,329.4205,338.4923,7.4002,2.24%,57812517
4/20/22,339.3037,339.7631,332.3336,333.5556,-4.9367,-1.46%,67003085
4/21/22,337.4463,340.0662,325.7253,326.6539,-6.9017,-2.07%,77540492
4/22/22,326.8103,328.0323,317.6701,318.1002,-8.5537,-2.62%,84456739
4/25/22,316.4677,322.4993,315.1969,322.1864,4.0862,1.28%,104090910
4/26/22,320.1238,320.3096,309.7469,310.0256,-12.1608,-3.77%,108247929
4/27/22,310.1233,315.6368,307.9335,309.6541,-0.3715,-0.12%,113755989
4/28/22,314.6299,322.4895,310.397,320.6517,10.9976,3.55%,101732079
4/29/22,316.4384,319.8843,305.5874,306.2228,-14.4289,-4.50%,94088505
5/2/22,305.8122,311.5701,302.6987,311.3355,5.1127,1.67%,118162449
5/3/22,311.355,313.9652,308.8916,311.6679,0.3324,0.11%,79979691
5/4/22,312.1469,322.8806,306.8494,322.206,10.5381,3.38%,118747289
5/5/22,317.8754,317.9536,302.6742,305.9784,-16.2276,-5.04%,158155331
5/6/22,303.9744,308.0215,298.2605,302.3125,-3.6659,-1.20%,142775737
5/9/22,296.672,302.409,289.0861,290.484,-11.8285,-3.91%,115989291
5/10/22,297.6789,298.9008,289.917,294.013,3.529,1.21%,126972907
5/11/22,291.745,297.2683,284.4231,285.2931,-8.7199,-2.97%,143546296
5/12/22,281.0016,289.1154,278.5479,284.6186,-0.6745,-0.24%,123685449
5/13/22,289.0861,296.2018,287.4853,295.1665,10.5479,3.71%,85605304
5/16/22,293.4167,295.4794,290.4644,291.745,-3.4215,-1.16%,60548707
5/17/22,297.6202,299.6829,293.8077,299.3016,7.5566,2.59%,64154395
5/18/22,294.7755,295.4696,283.3478,284.6088,-14.6928,-4.91%,81300950
5/19/22,282.8003,287.7859,281.1286,283.0838,-1.525,-0.54%,81754717
5/20/22,286.5542,287.2091,273.924,282.204,-0.8798,-0.31%,93869885
5/23/22,283.25,287.2776,280.8452,286.8963,4.6923,1.66%,65109007
5/24/22,281.6663,282.3799,275.9182,280.7963,-6.1,-2.13%,75177572
5/25/22,279.3006,286.8083,279.0953,284.7261,3.9298,1.40%,68685326
5/26/22,283.9245,294.1694,283.641,292.6151,7.889,2.77%,60826727
5/27/22,295.7531,302.3125,295.6358,302.1659,9.5508,3.26%,68522685
5/31/22,302.1366,304.3459,297.5029,301.3643,-0.8016,-0.27%,62367399
6/1/22,303.5052,305.6363,296.9164,299.1354,-2.2289,-0.74%,66841067
6/2/22,298.0112,307.5034,296.5939,307.3275,8.1921,2.74%,60651904
6/3/22,302.0975,303.5052,298.0797,299.331,-7.9965,-2.60%,62312462
6/6/22,303.7789,305.343,298.764,300.3281,0.9971,0.33%,52973356
6/7/22,296.9946,303.7007,295.8983,302.9186,2.5905,0.86%,45930572
6/8/22,302.117,304.7271,299.8882,300.7387,-2.1799,-0.72%,39221867
6/9/22,299.0475,302.117,292.5173,292.6835,-8.0552,-2.68%,57183201
6/10/22,287.0625,288.2551,281.9146,282.3604,-10.3231,-3.53%,87936078
6/13/22,273.4743,276.0062,268.3714,269.2317,-13.1287,-4.65%,96609250
6/14/22,271.4312,272.4088,267.2057,269.7205,0.4888,0.18%,66182170
6/15/22,273.1517,280.3955,270.4047,276.4559,6.7354,2.50%,88026101
6/16/22,269.4076,269.8671,263.2392,265.3019,-11.154,-4.03%,83789970
6/17/22,266.0741,270.9718,264.4435,268.5278,3.2259,1.22%,84601282
6/21/22,273.0206,277.6239,272.9128,275.3027,6.7749,2.52%,52717245
6/22/22,272.7953,279.3184,272.1978,274.9011,-0.4016,-0.15%,68888843
6/23/22,277.3889,279.8473,274.5485,278.9952,4.0941,1.49%,58663570
6/24/22,281.8258,288.9757,281.5908,288.5545,9.5593,3.43%,59648220
6/27/22,289.916,290.484,285.3028,286.439,-2.1155,-0.73%,55287785
6/28/22,286.9776,289.5732,277.526,277.7121,-8.7269,-3.05%,63165304
6/29/22,277.575,279.4751,275.0676,277.9667,0.2546,0.09%,58505228
6/30/22,274.9794,278.1079,270.1116,274.5191,-3.4476,-1.24%,80977932
7/1/22,273.2164,276.7229,271.3359,276.3311,1.812,0.66%,57864451
7/5/22,272.5896,281.1793,271.0617,281.0618,4.7307,1.71%,63126707
7/6/22,281.4438,284.9698,279.72,282.864,1.8022,0.64%,64520858
7/7/22,283.6769,289.6222,283.6769,288.917,6.053,2.14%,57808290
7/8/22,286.0766,290.6506,285.1363,289.2794,0.3624,0.13%,61152320
7/11/22,286.8601,287.0854,282.2176,283.099,-6.1804,-2.14%,56433855
7/12/22,284.3527,286.2724,278.7601,280.3566,-2.7424,-0.97%,56967923
7/13/22,274.8325,282.1294,274.2644,279.7787,-0.5779,-0.21%,75491055
7/14/22,277.1734,281.6495,274.049,280.7778,0.9991,0.36%,65079440
7/15/22,283.7749,285.9786,282.1588,285.8709,5.0931,1.81%,65157341
7/18/22,288.6623,290.0727,282.2763,283.4516,-2.4193,-0.85%,60768553
7/19/22,287.0854,292.4626,285.4791,292.1687,8.7171,3.08%,56330421
7/20/22,292.5899,297.9866,291.8092,296.8015,4.6328,1.59%,69191561
7/21/22,297.2618,301.1159,294.5977,301.0621,4.2606,1.44%,56204530
7/22/22,300.1316,302.208,293.9464,295.7828,-5.2793,-1.75%,58326559
7/25/22,295.8122,296.2824,292.0904,294.0982,-1.6846,-0.57%,41433938
7/26/22,292.394,292.6487,287.5066,288.3195,-5.7787,-1.96%,51124924
7/27/22,292.8935,302.1983,292.3254,300.5038,12.1843,4.23%,70758680
7/28/22,300.2883,304.0166,296.5224,303.4422,2.9384,0.98%,56297022
7/29/22,304.9897,309.8869,303.5607,308.976,5.5338,1.82%,58707680
8/1/22,307.2032,312.2572,306.1062,308.7899,-0.1861,-0.06%,47331662
8/2/22,306.4882,311.9976,305.4305,307.8692,-0.9207,-0.30%,49698001
8/3/22,309.5539,317.0751,309.4951,316.2533,8.3841,2.72%,54863369
8/4/22,316.3316,318.0457,314.1769,317.7323,1.479,0.47%,39791469
8/5/22,312.6293,317.174,311.8458,315.1367,-2.5956,-0.82%,55024893
8/8/22,316.0574,319.7597,312.6489,314.1181,-1.0186,-0.32%,44991047
8/9/22,312.218,312.4726,308.9368,310.5627,-3.5554,-1.13%,40598666
8/10/22,317.9183,319.5246,315.4404,319.2308,8.6681,2.79%,52539398
8/11/22,321.5521,323.5697,316.7136,317.4188,-1.812,-0.57%,46860785
8/12/22,319.4659,323.7901,318.418,323.5992,6.1804,1.95%,41787190
8/15/22,322.6491,326.7091,322.6295,326.2142,2.615,0.81%,39069646
8/16/22,325.225,327.5472,322.3944,325.4503,-0.7639,-0.23%,42051123
8/17/22,322.3063,324.6177,319.652,321.7382,-3.7121,-1.14%,48846083
8/18/22,321.6892,323.6971,320.0731,322.5119,0.7737,0.24%,42817175
8/19/22,319.4659,320.1221,315.4599,316.2239,-6.288,-1.95%,52856923
8/22/22,311.9535,312.1886,307.0857,307.8986,-8.3253,-2.63%,52171133
8/23/22,307.6636,310.4844,306.8898,307.644,-0.2546,-0.08%,40325854
8/24/22,307.164,310.357,306.5568,308.5353,0.8913,0.29%,38855635
8/25/22,310.3178,314.0104,309.2676,313.9908,5.4555,1.77%,38897699
8/26/22,313.6969,314.9017,301.0327,301.1209,-12.8699,-4.10%,70496677
8/29/22,298.3588,300.9054,297.0464,298.1531,-2.9678,-0.99%,49335857
8/30/22,299.8084,300.4255,292.3058,294.8328,-3.3203,-1.11%,52258629
8/31/22,297.7417,298.6429,293.011,293.1188,-1.714,-0.58%,51094189
9/1/22,290.6212,293.6183,286.9287,293.2461,0.1273,0.04%,59207662
9/2/22,296.1257,297.5067,287.487,289.1031,-4.143,-1.41%,66023853
9/6/22,289.583,290.5037,284.8914,287.0266,-2.0765,-0.72%,58201681
9/7/22,287.5066,293.824,287.2421,292.8249,5.7983,2.02%,50294059
9/8/22,290.7485,295.6653,289.3773,294.3431,1.5182,0.52%,56817626
9/9/22,296.6056,301.2776,294.344,300.778,6.4349,2.19%,57303013
9/12/22,302.1591,304.686,301.8456,304.353,3.575,1.19%,46869053
9/13/22,295.5968,296.7917,286.7671,287.6633,-16.6897,-5.48%,81231735
9/14/22,288.7994,290.8269,287.0364,289.9454,2.2821,0.79%,56059444
9/15/22,288.0257,290.4351,283.5104,285.1167,-4.8287,-1.67%,66669737
9/16/22,281.8062,283.7651,279.7493,283.3733,-1.7434,-0.61%,81597466
9/19/22,280.7231,285.737,280.6642,285.58,2.2067,0.78%,53621566
9/20/22,283.0681,285.5997,280.9978,283.3036,-2.2764,-0.80%,52253150
9/21/22,284.1474,288.4255,278.0934,278.2308,-5.0728,-1.79%,84519345
9/22/22,276.7001,277.7107,273.575,274.8064,-3.4244,-1.23%,63959041
9/23/22,272.3337,272.6281,266.9077,270.3321,-4.4743,-1.63%,76248109
9/26/22,269.8611,274.2373,268.4187,269.2135,-1.1186,-0.41%,72539907
9/27/22,272.5888,274.9437,266.996,269.3215,0.108,0.04%,71116646
9/28/22,269.3018,275.9642,267.8153,274.6788,5.3573,1.99%,81177756
9/29/22,270.6755,271.0582,263.7874,266.7605,-7.9183,-2.88%,82771505
9/30/22,265.9363,270.0181,262.0802,262.2371,-4.5234,-1.70%,79985564
10/3/22,264.0131,269.9887,262.5021,268.3893,6.1522,2.35%,62440905
10/4/22,273.7467,277.5341,273.7467,276.8277,8.4384,3.14%,67974397
10/5/22,273.05,278.4761,270.2438,276.6805,-0.1472,-0.05%,56834441
10/6/22,275.6796,278.8391,274.1784,274.5022,-2.1783,-0.79%,54513936
10/7/22,269.8513,269.9788,262.7081,264.0426,-10.4596,-3.81%,72721309
10/10/22,264.2388,264.6313,258.6852,261.4031,-2.6395,-1.00%,61549659
10/11/22,259.7253,262.6002,256.1242,257.8119,-3.5912,-1.37%,67796667
10/12/22,258.4497,260.3728,257.0269,257.7236,-0.0883,-0.03%,51548902
10/13/22,250.3645,265.0925,249.4814,263.7678,6.0442,2.35%,115056371
10/14/22,266.1031,266.7016,255.251,255.8397,-7.9281,-3.01%,78723820
10/17/22,261.825,265.1611,261.7269,264.2879,8.4482,3.30%,65813280
10/18/22,271.3329,272.0001,263.6893,266.3778,2.0899,0.79%,71117481
10/19/22,264.8569,268.5365,263.0319,265.4064,-0.9714,-0.36%,54132770
10/20/22,264.5135,269.6747,262.8847,264.0524,-1.354,-0.51%,61766320
10/21/22,262.9436,270.7825,261.8089,270.2438,6.1914,2.34%,79389635
10/24/22,270.5087,274.149,266.8586,273.2168,2.973,1.10%,65188659
10/25/22,274.1588,279.2512,272.6772,278.8686,5.6518,2.07%,60144751
10/26/22,273.2266,278.6429,272.216,272.7066,-6.162,-2.21%,65122096
10/27/22,271.588,273.0495,267.2217,267.7417,-4.9649,-1.82%,58866634
10/28/22,267.1137,276.4038,266.9469,275.9348,8.1931,3.06%,63851307
10/31/22,273.678,274.5022,270.8031,272.7262,-3.2086,-1.16%,48656350
11/1/22,276.2046,276.7688,269.5766,269.9396,-2.7866,-1.02%,46774983
11/2/22,269.9101,272.9813,260.6181,260.6868,-9.2528,-3.43%,81331651
11/3/22,258.067,259.529,255.2117,255.5944,-5.0924,-1.95%,71380403
11/4/22,260.5397,261.5993,254.2108,259.7056,4.1112,1.61%,79813208
11/7/22,260.7555,263.1006,258.6165,262.5609,2.8553,1.10%,48240430
11/8/22,264.0818,267.7221,260.5298,264.4743,1.9134,0.73%,64424488
11/9/22,262.7277,263.5127,258.0866,258.3712,-6.1031,-2.31%,66104463
11/10/22,270.8227,277.7304,268.7033,277.436,19.0648,7.38%,101157752
11/11/22,277.2496,283.2153,275.9053,282.5481,5.1121,1.84%,68244277
11/14/22,280.4875,283.7795,279.0943,280.0755,-2.4726,-0.88%,56134989
11/15/22,286.7182,287.7485,280.5955,283.9512,3.8757,1.38%,75402410
11/16/22,281.9888,284.0433,279.2512,280.0755,-3.8757,-1.36%,49795648
11/17/22,275.6011,280.9378,275.4442,279.4573,-0.6182,-0.22%,56524311
11/18/22,282.4794,282.5775,277.0152,279.4671,0.0098,0.00%,54615033
11/21/22,278.0738,279.2316,275.7582,276.5922,-2.8749,-1.03%,40851256
11/22/22,277.3281,280.7329,275.189,280.5759,3.9837,1.44%,42675438
11/23/22,280.5955,284.0199,280.4189,283.3919,2.816,1.00%,47278454
11/25/22,281.7926,282.499,281.0371,281.5277,-1.8642,-0.66%,15795558
11/28/22,279.5456,281.5669,276.4646,277.3967,-4.131,-1.47%,39621656
11/29/22,277.6224,278.0247,273.9233,275.297,-2.0997,-0.76%,36301039
11/30/22,275.5619,287.9545,274.7083,287.8466,12.5496,4.56%,76149142
12/1/22,288.1704,290.1917,285.4132,288.1998,0.3532,0.12%,52534640
12/2/22,283.1172,287.9349,282.9406,287.0518,-1.148,-0.40%,54609431
12/5/22,284.9226,286.1982,280.7721,282.2341,-4.8177,-1.68%,42276649
12/6/22,282.0771,282.2145,274.9879,276.3861,-5.848,-2.07%,54970716
12/7/22,275.1989,277.2594,273.5407,275.2577,-1.1284,-0.41%,46487899
12/8/22,276.6118,279.4867,274.5317,278.5153,3.2576,1.18%,43410767
12/9/22,277.4949,280.2717,276.2978,276.7394,-1.7759,-0.64%,48777104
12/12/22,276.916,280.2717,275.8759,280.2128,3.4734,1.26%,36416918
12/13/22,291.0748,291.2955,280.5366,283.2251,3.0123,1.08%,82212711
12/14/22,282.6364,285.9333,277.8677,281.1253,-2.0998,-0.74%,66229119
12/15/22,277.0239,277.6911,270.4891,271.6862,-9.4391,-3.36%,61713941
12/16/22,271.0091,272.5496,267.4866,269.0957,-2.5905,-0.95%,69608537
12/19/22,269.3662,269.4548,264.0747,265.314,-3.7817,-1.41%,44906380
12/20/22,264.1436,266.8582,262.56,265.1075,-0.2065,-0.08%,51917974
12/21/22,266.15,270.2613,265.3042,268.9532,3.8457,1.45%,47170306
12/22/22,265.9336,266.0663,258.139,262.3732,-6.58,-2.45%,61286138
12/23/22,261.1044,263.6321,259.1963,262.9633,0.5901,0.22%,40031816
12/27/22,262.3535,262.4617,258.7045,259.2454,-3.7179,-1.41%,38644511
12/28/22,258.8422,261.1044,255.4588,255.8227,-3.4227,-1.32%,47927154
12/29/22,258.6356,263.0076,257.9373,262.0584,6.2357,2.44%,46660836
12/30/22,259.2848,262.0289,257.9767,261.901,-0.1574,-0.06%,38491191
1/3/23,264.2321,265.7123,257.8193,260.1307,-1.7703,-0.68%,43043134
1/4/23,262.2551,263.0518,258.2127,261.3699,1.2392,0.48%,48553257
1/5/23,259.6979,259.8651,256.9636,257.2783,-4.0916,-1.57%,46155733
1/6/23,259.0192,265.5009,256.0587,264.3796,7.1013,2.76%,55573601
1/9/23,266.3762,270.7629,265.4812,266.091,1.7114,0.65%,46330501
1/10/23,265.0583,268.4516,264.5468,268.3433,2.2523,0.85%,35837041
1/11/23,269.4154,273.0939,268.6286,272.9857,4.6424,1.73%,44813962
1/12/23,273.5463,275.4938,269.2384,274.461,1.4753,0.54%,61613131
1/13/23,271.953,276.5944,271.6186,276.3495,1.8885,0.69%,45551995
1/17/23,276.1528,278.1986,274.9833,276.9101,0.5606,0.20%,36876127
1/18/23,278.4543,280.0083,273.1038,273.3103,-3.5998,-1.30%,48552948
1/19/23,271.6776,272.8136,269.3859,270.6252,-2.6851,-0.98%,44888582
1/20/23,272.2382,278.3658,271.176,278.0314,7.4062,2.74%,61627038
1/23/23,278.8772,285.4375,278.0805,284.2081,6.1767,2.22%,53682700
1/24/23,282.5852,284.7884,282.0639,283.6278,-0.5803,-0.20%,45625399
1/25/23,279.1034,283.6179,276.556,282.9983,-0.6295,-0.22%,51722577
1/26/23,286.4309,288.6931,283.7744,288.5161,5.5178,1.95%,52458971
1/27/23,287.1981,293.3551,287.0801,291.388,2.8719,1.00%,57385608
1/30/23,288.1128,289.539,285.1228,285.4965,-5.8915,-2.02%,50231863
1/31/23,285.5359,289.8734,285.4277,289.775,4.2785,1.50%,47486002
2/1/23,289.5685,298.4401,287.4931,295.9714,6.1964,2.14%,68691726
2/2/23,302.5121,308.5216,301.6859,306.5938,10.6224,3.59%,84459521
2/3/23,299.9253,307.2528,299.5319,301.1449,-5.4489,-1.78%,77444363
2/6/23,298.5188,300.8793,297.25,298.5975,-2.5474,-0.85%,41484507
2/7/23,298.4696,305.9151,297.3484,304.7841,6.1866,2.07%,68713893
2/8/23,303.4661,304.4103,298.6762,299.3647,-5.4194,-1.78%,57669158
2/9/23,303.7612,303.9087,295.2633,296.7189,-2.6458,-0.88%,49959375
2/10/23,294.5551,296.6107,292.3618,294.7715,-1.9474,-0.66%,50886924
2/13/23,296.178,300.0827,294.9977,299.4925,4.721,1.60%,40299424
2/14/23,297.909,302.6596,295.9616,301.7055,2.213,0.74%,65150395
2/15/23,299.8859,304.1841,299.1975,304.0169,2.3114,0.77%,44153394
2/16/23,299.3745,303.3579,298.1647,298.3123,-5.7046,-1.88%,60493403
2/17/23,296.1189,296.9648,293.1978,296.2075,-2.1048,-0.71%,59204302
2/21/23,292.3716,293.8174,289.057,289.1947,-7.0128,-2.37%,47304620
2/22/23,289.775,291.4863,287.7489,289.4111,0.2164,0.07%,52248416
2/23/23,293.0699,293.2273,287.739,291.9388,2.5277,0.87%,70452994
2/24/23,286.962,288.1521,285.2802,287.0506,-4.8882,-1.67%,75574709
2/27/23,290.2176,291.6142,288.5161,289.1062,2.0556,0.72%,49814186
2/28/23,288.4767,291.2543,288.1423,288.7324,-0.3738,-0.13%,49049725
3/1/23,288.4374,289.0964,285.4277,286.4113,-2.3211,-0.80%,59261443
3/2/23,283.913,289.5881,283.6278,288.7816,2.3703,0.83%,54637003
3/3/23,290.5324,294.9879,290.0209,294.7518,5.9702,2.07%,61523239
3/6/23,295.9911,299.0007,294.8895,295.0862,0.3344,0.11%,57684816
3/7/23,295.1354,296.0599,290.8569,291.4667,-3.6195,-1.23%,67058469
3/8/23,291.8896,293.5224,290.0307,292.9224,1.4557,0.50%,51726840
3/9/23,293.424,296.0304,287.0308,287.8472,-5.0752,-1.73%,72651353
3/10/23,288.0144,289.5094,282.6541,283.8048,-4.0424,-1.40%,100451037
3/13/23,282.0148,289.6275,280.5001,285.9096,2.1048,0.74%,98747502
3/14/23,289.4701,293.0306,288.6242,292.4798,6.5702,2.30%,74833116
3/15/23,289.8635,294.3485,288.4177,294.0141,1.5343,0.52%,85029815
3/16/23,293.0994,302.1285,292.3027,301.7645,7.7504,2.64%,100204671
3/17/23,301.676,304.0661,298.3811,300.3384,-1.4261,-0.47%,91427195
3/20/23,299.7198,301.7293,297.5033,301.4042,1.0658,0.35%,57213153
3/21/23,303.3449,306.1622,301.8229,305.709,4.3048,1.43%,50510735
3/22/23,305.6401,310.5458,301.3846,301.552,-4.157,-1.36%,76940020
3/23/23,305.2953,309.4622,302.4288,305.1279,3.5759,1.19%,75705583
3/24/23,304.7043,306.3493,302.3696,306.2508,1.1229,0.37%,58112981
3/27/23,306.9502,308.0338,303.2956,304.1526,-2.0982,-0.69%,51049172
3/28/23,303.5714,303.601,300.2261,302.5371,-1.6155,-0.53%,49321887
3/29/23,306.241,308.6741,305.4234,308.0535,5.5164,1.82%,54081215
3/30/23,310.5359,311.5998,308.141,310.9693,2.9158,0.95%,59238782
3/31/23,311.1959,316.3775,310.8905,316.141,5.1717,1.66%,63079284
4/3/23,314.0132,315.6386,312.6835,315.3726,-0.7684,-0.24%,47840697
4/4/23,315.8159,316.8306,313.0824,314.3088,-1.0638,-0.34%,46570224
4/5/23,313.3533,314.2989,309.3834,311.2058,-3.103,-0.99%,63746942
4/6/23,309.5508,313.7965,308.1521,313.304,2.0982,0.67%,47627101
4/10/23,310.3685,313.1759,308.5756,313.1267,-0.1773,-0.06%,45818407
4/11/23,313.0873,313.1464,310.6049,311.1171,-2.0096,-0.64%,40721149
4/12/23,313.0774,313.6685,307.9008,308.3688,-2.7483,-0.88%,63764800
4/13/23,310.132,314.8801,308.95,314.4073,6.0385,1.96%,55441006
4/14/23,312.8508,315.5795,310.9004,313.8162,-0.5911,-0.19%,57130724
4/17/23,313.4025,314.4367,311.324,314.0822,0.266,0.08%,43658477
4/18/23,316.2001,316.6237,312.9001,314.1019,0.0197,0.01%,47455032
4/19/23,311.6885,315.018,311.5604,313.9541,-0.1478,-0.05%,39550280
4/20/23,310.9792,314.5058,310.2699,311.5604,-2.3937,-0.76%,63408296
4/21/23,311.1959,312.6637,309.4129,311.8854,0.325,0.10%,59895994
4/24/23,311.6589,312.9977,309.0583,311.2353,-0.6501,-0.21%,44710183
4/25/23,309.6001,310.2699,305.2658,305.3642,-5.8711,-1.89%,57986905
4/26/23,308.7628,310.2355,306.6941,307.2162,1.852,0.61%,56239723
4/27/23,310.9891,316.072,310.3487,315.5697,8.3535,2.72%,66421452
4/28/23,315.3332,317.8353,314.2004,317.7467,2.177,0.69%,60617136
5/1/23,317.2837,318.8007,316.2986,317.3822,-0.3645,-0.11%,41634580
5/2/23,317.3132,317.6383,312.8705,314.6141,-2.7681,-0.87%,57375578
5/3/23,314.9786,317.658,312.447,312.5553,-2.0588,-0.65%,60789113
5/4/23,312.3287,313.4813,310.4128,311.4521,-1.1032,-0.35%,50985310
5/5/23,313.7177,318.9288,311.493,318.0718,6.6197,2.13%,52590869
5/8/23,317.6088,319.2046,316.5203,318.8598,0.788,0.25%,37018095
5/9/23,317.1951,318.0619,316.5252,316.8404,-2.0194,-0.63%,32250045
5/10/23,319.2834,321.1452,316.801,320.2882,3.4478,1.09%,61362257
5/11/23,320.8399,321.8742,319.2834,321.3324,1.0442,0.33%,44949239
5/12/23,321.8643,322.2879,318.121,320.1798,-1.1526,-0.36%,49166475
5/15/23,320.6527,322.15,319.1258,321.9136,1.7338,0.54%,33881077
5/16/23,321.1945,323.9945,321.155,322.2781,0.3645,0.11%,40625313
5/17/23,323.3419,326.7601,322.1598,326.1789,3.9008,1.21%,48205439
5/18/23,326.573,332.4539,326.5533,332.2372,6.0583,1.86%,65186110
5/19/23,332.4539,333.1582,330.4246,331.4885,-0.7487,-0.23%,62487359
5/22/23,331.2324,333.6163,331.2225,332.6017,1.1132,0.34%,43667509
5/23/23,330.8778,332.0303,328.0309,328.3855,-4.2162,-1.27%,48947001
5/24/23,326.4252,327.9373,324.6422,326.701,-1.6845,-0.51%,63843802
5/25/23,334.0793,335.9214,331.6412,334.6506,7.9496,2.43%,67875560
5/26/23,335.6751,344.0335,335.5766,343.2011,8.5505,2.56%,63961339
5/30/23,347.4468,348.6486,343.3291,344.7575,1.5564,0.45%,73752657
5/31/23,343.1716,345.3683,341.3393,342.7972,-1.9603,-0.57%,66091529
6/1/23,342.5411,348.0871,341.4871,346.7572,3.96,1.16%,51253420
6/2/23,348.5205,350.5202,346.7572,349.3578,2.6006,0.75%,54180600
6/5/23,349.1411,352.1604,348.5698,349.6041,0.2463,0.07%,47982200
6/6/23,348.9934,350.5104,347.6635,349.545,-0.0591,-0.02%,42017392
6/7/23,349.8307,351.791,342.9844,343.6149,-5.9301,-1.70%,70274543
6/8/23,343.9104,348.3432,343.6838,347.8802,4.2653,1.24%,47868203
6/9/23,349.3381,352.3229,347.762,349.2101,1.3299,0.38%,54002735
6/12/23,350.8749,355.2092,349.8996,355.1107,5.9006,1.69%,45496507
6/13/23,357.8689,358.6766,354.6575,357.8394,2.7287,0.77%,57962728
6/14/23,357.8492,360.7256,355.0417,360.44,2.6006,0.73%,70578781
6/15/23,359.1692,366.2224,358.5486,364.7349,4.2949,1.19%,72216430
6/16/23,367.1582,367.2863,361.9964,362.4396,-2.2953,-0.63%,82157894
6/20/23,360.9837,363.3215,358.9515,361.9208,-0.5188,-0.14%,49881641
6/21/23,360.7765,361.2106,356.0614,356.9886,-4.9322,-1.36%,54112569
6/22/23,355.7359,361.3585,355.3314,361.2007,4.2121,1.18%,48257906
6/23/23,357.2944,359.9282,355.9259,357.6199,-3.5808,-0.99%,49595979
6/26/23,357.0873,359.8887,352.7371,352.8259,-4.794,-1.34%,53410235
6/27/23,354.3746,359.6224,353.6447,358.8924,6.0665,1.72%,50108020
6/28/23,357.0675,361.5459,356.9924,359.5928,0.7004,0.20%,47137710
6/29/23,359.2969,359.9381,357.2254,358.8727,-0.7201,-0.20%,46785831
6/30/23,362.562,365.462,362.2463,364.4066,5.5339,1.54%,59520256
7/3/23,365.0478,365.8961,363.9627,365.2648,0.8582,0.24%,19700151
7/5/23,363.6964,366.9614,363.6569,365.2549,-0.0099,0.00%,34934902
7/6/23,361.5361,362.9171,359.5731,362.4732,-2.7817,-0.76%,50053977
7/7/23,362.2463,365.4522,361.0429,361.2697,-1.2035,-0.33%,47782156
7/10/23,360.9935,362.0687,358.4782,361.3881,0.1184,0.03%,49166036
7/11/23,361.8123,363.6293,359.6717,363.1736,1.7855,0.49%,38739834
7/12/23,367.2869,369.1119,365.2746,367.7604,4.5868,1.26%,62552508
7/13/23,370.9466,374.8331,370.3646,374.0045,6.2441,1.70%,47606070
7/14/23,374.4287,377.6642,373.0477,373.9256,-0.0789,-0.02%,55907224
7/17/23,374.6457,378.2955,374.1624,377.4176,3.492,0.93%,41431161
7/18/23,376.7764,381.8762,374.843,380.5051,3.0875,0.82%,56104803
7/19/23,381.5704,382.7147,379.0846,380.4163,-0.0888,-0.02%,54837099
7/20/23,377.4176,378.8824,370.6211,371.647,-8.7693,-2.31%,72931353
7/21/23,374.0341,374.7641,370.0993,370.5323,-1.1147,-0.30%,61331940
7/24/23,371.5089,372.4558,369.2598,371.1242,0.5919,0.16%,40935533
7/25/23,371.8344,375.3066,371.8146,373.6396,2.5154,0.68%,39429395
7/26/23,372.5939,374.0933,370.0884,372.3966,-1.243,-0.33%,47723360
7/27/23,377.8714,379.4891,370.2167,371.5089,-0.8877,-0.24%,64819866
7/28/23,375.5729,379.3016,375.06,378.2758,6.7669,1.82%,57685755
7/31/23,378.5816,379.6568,377.1512,378.4731,0.1973,0.05%,44625507
8/1/23,377.1217,378.3547,375.5236,377.5951,-0.878,-0.23%,41876717
8/2/23,374.113,374.113,368.0662,369.3092,-8.2859,-2.19%,73687105
8/3/23,366.8924,370.848,366.7247,368.7173,-0.5919,-0.16%,48513679
8/4/23,370.6507,372.9688,366.488,366.991,-1.7263,-0.47%,62551595
8/7/23,368.8061,370.1969,366.4682,370.0983,3.1073,0.85%,37742605
8/8/23,367.5829,367.6026,363.8147,366.9516,-3.1467,-0.85%,45341729
8/9/23,367.2377,367.3955,362.1575,362.9171,-4.0345,-1.10%,51854618
8/10/23,365.9356,369.2795,362.054,363.5878,0.6707,0.18%,73026250
8/11/23,361.0231,363.0058,359.7408,361.2697,-2.3181,-0.64%,49377201
8/14/23,360.4707,365.4423,359.7507,365.324,4.0543,1.12%,42710419
8/15/23,364.3474,365.1454,360.7765,361.4473,-3.8767,-1.06%,46166327
8/16/23,360.9048,362.4436,357.5213,357.6199,-3.8274,-1.06%,53922287
8/17/23,359.0207,359.3659,353.2994,353.7137,-3.9062,-1.09%,63465586
8/18/23,350.4388,354.5324,349.8962,353.2698,-0.4439,-0.13%,62033152
8/21/23,354.7396,359.6421,354.276,358.9615,5.6917,1.61%,51393969
8/22/23,361.5755,361.5854,357.758,358.4486,-0.5129,-0.14%,45227274
8/23/23,359.6322,365.1957,359.4152,364.1008,5.6522,1.58%,52482846
8/24/23,367.5829,367.6815,356.1107,356.3179,-7.7829,-2.14%,67761995
8/25/23,357.1563,360.7765,353.7137,359.0798,2.7619,0.78%,70922909
8/28/23,362.0096,362.7198,359.3067,361.7827,2.7029,0.75%,41472826
8/29/23,361.5854,370.0391,361.2608,369.684,7.9013,2.18%,59297020
8/30/23,369.7925,372.3243,368.7863,371.7456,2.0616,0.56%,42305629
8/31/23,371.8245,374.5658,371.7555,372.8603,1.1147,0.30%,36222273
9/1/23,375.2376,375.6617,370.9763,372.4657,-0.3946,-0.11%,40348675
9/5/23,371.6568,374.1617,370.7296,372.9392,0.4735,0.13%,32789181
9/6/23,372.1599,372.5052,367.6421,369.6544,-3.2848,-0.88%,43590263
9/7/23,365.1859,367.7901,364.1402,367.0108,-2.6436,-0.72%,52776929
9/8/23,366.9614,369.7629,366.557,367.5237,0.5129,0.14%,36340476
9/11/23,370.5619,372.367,368.589,371.8541,4.3304,1.18%,40486041
9/12/23,370.1772,371.8361,367.4448,367.7308,-4.1233,-1.11%,41960453
9/13/23,367.9676,370.7395,366.8332,369.1316,1.4008,0.38%,46937590
9/14/23,370.8874,373.1365,368.8159,372.15,3.0184,0.82%,48700219
9/15/23,370.8085,371.213,364.8406,365.7777,-6.3723,-1.71%,70771647
9/18/23,364.8353,367.2753,364.5488,366.159,0.3813,0.10%,37357135
9/19/23,364.8353,366.1813,362.3459,365.3786,-0.7804,-0.21%,38084162
9/20/23,366.4455,366.8011,360.0343,360.1134,-5.2652,-1.44%,46073570
9/21/23,356.4187,357.2091,353.3465,353.5144,-6.599,-1.83%,70592013
9/22/23,355.263,357.4066,353.2478,353.5639,0.0495,0.01%,52223753
9/25/23,352.5957,355.3321,351.6079,355.2432,1.6793,0.47%,39649367
9/26/23,352.655,353.1984,348.921,349.9088,-5.3344,-1.50%,54317275
9/27/23,351.0646,352.6452,347.0934,350.7287,0.8199,0.23%,56755088
9/28/23,349.81,355.7964,348.9506,353.6627,2.934,0.84%,57147237
9/29/23,357.1498,358.5427,352.6847,353.9195,0.2568,0.07%,65626503
10/2/23,354.1862,358.2759,353.5737,356.8732,2.9537,0.83%,52259593
10/3/23,354.4233,356.6262,348.9852,350.6102,-6.263,-1.75%,61221818
10/4/23,351.4498,356.2311,350.9855,355.3815,4.7713,1.36%,55460058
10/5/23,355.3716,355.7767,350.8275,354.3344,-1.0471,-0.29%,46461483
10/6/23,351.3313,361.4667,350.541,360.2714,5.937,1.68%,75971643
10/9/23,357.9006,362.6521,356.399,362.1088,1.8374,0.51%,45861606
10/10/23,362.4447,366.7715,361.9409,364.1142,2.0054,0.55%,47546153
10/11/23,365.4478,366.9019,363.719,366.7122,2.598,0.71%,38684758
10/12/23,367.216,369.2016,363.0374,365.4379,-1.2743,-0.35%,50197450
10/13/23,366.0701,366.653,359.4416,360.8444,-4.5935,-1.26%,53165391
10/16/23,362.1681,365.9812,362.0199,364.9242,4.0798,1.13%,44744337
10/17/23,361.3679,365.4281,359.244,363.7289,-1.1953,-0.33%,51625998
10/18/23,361.2297,363.4424,357.6239,358.9576,-4.7713,-1.31%,54947624
10/19/23,360.3801,361.5754,354.7987,355.5989,-3.3587,-0.94%,73162611
10/20/23,355.095,355.668,350.0668,350.294,-5.3049,-1.49%,73451639
10/23/23,348.9703,354.8975,346.8562,351.3511,1.0571,0.30%,61410813
10/24/23,353.1687,355.5396,351.4696,354.7691,3.418,0.97%,47660743
10/25/23,352.3686,352.5464,345.5029,346.0858,-8.6833,-2.45%,72065594
10/26/23,344.8806,345.8191,338.1928,339.4869,-6.5989,-1.91%,79587842
10/27/23,342.2232,344.604,339.9018,341.1169,1.63,0.48%,64256971
10/30/23,343.6062,346.2834,342.243,344.9596,3.8427,1.13%,55978259
10/31/23,344.9893,346.9847,342.411,346.6094,1.6498,0.48%,48257893
11/1/23,347.449,353.1883,347.3502,352.6254,6.016,1.74%,59717760
11/2/23,357.1498,359.2638,355.9248,359.0267,6.4013,1.82%,58877354
11/3/23,360.3208,364.539,360.0936,363.2449,4.2182,1.17%,53935334
11/6/23,364.0154,365.2897,362.4546,364.7266,1.4817,0.41%,39326246
11/7/23,365.7738,369.0436,364.5637,368.1743,3.4477,0.95%,51401470
11/8/23,368.5496,369.2511,366.1195,368.4114,0.2371,0.06%,36101680
11/9/23,369.1029,370.2488,365.0823,365.5762,-2.8352,-0.77%,54521460
11/10/23,367.3049,373.9434,366.7715,373.7952,8.219,2.25%,59085882
11/13/23,372.2146,373.6865,370.6834,372.6295,-1.1657,-0.31%,41234211
11/14/23,379.0505,381.5696,378.527,380.6509,8.0214,2.15%,68625929
11/15/23,382.5476,383.0415,379.5692,380.9374,0.2865,0.08%,54806818
11/16/23,380.1669,381.5005,378.9024,381.2634,0.326,0.09%,45900875
11/17/23,380.5324,382.3698,379.6235,381.3523,0.0889,0.02%,47195802
11/20/23,381.3621,386.6571,381.3621,385.9952,4.6429,1.22%,45084059
11/21/23,384.2862,384.5036,382.0043,383.7528,-2.2424,-0.58%,43869608
11/22/23,385.8273,388.2969,384.3159,385.3235,1.5707,0.41%,44721554
11/24/23,384.9184,385.5112,383.7824,384.7802,-0.5433,-0.14%,15912019
11/27/23,384.2862,386.4001,383.5651,384.4443,-0.3359,-0.09%,34559253
11/28/23,383.6935,386.0347,383.3378,385.4519,1.0076,0.26%,35927265
11/29/23,387.9215,389.3539,384.7307,385.0765,-0.3754,-0.10%,39288785
11/30/23,385.3432,385.8075,381.135,384.1084,-0.9681,-0.25%,53483755
12/1/23,383.0415,385.7977,381.3845,385.2049,1.0965,0.29%,40987721
12/4/23,381.4017,381.9005,378.0133,381.6289,-3.576,-0.93%,51816104
12/5/23,379.7223,383.7824,379.5445,382.5871,0.9582,0.25%,43460649
12/6/23,385.5309,385.6297,380.0285,380.3743,-2.2128,-0.58%,42510205
12/7/23,383.3576,386.5188,382.2611,385.6889,5.3146,1.40%,50203127
12/8/23,383.9504,387.8524,383.7627,387.4078,1.7189,0.45%,47261405
12/11/23,386.983,390.9839,386.7756,390.7171,3.3093,0.85%,41704425
12/12/23,390.7567,393.9475,389.6206,393.8289,3.1118,0.80%,39703223
12/13/23,394.7674,399.4498,393.9967,398.8373,5.0084,1.27%,56089200
12/14/23,400.0623,401.3663,395.4786,398.4916,-0.3457,-0.09%,56129384
12/15/23,399.272,401.6032,398.6694,400.4179,1.9263,0.48%,63669748
12/18/23,400.8119,403.8407,400.4852,402.94,2.5221,0.63%,47088792
12/19/23,403.3953,405.1176,403.2023,404.9989,2.0589,0.51%,36078715
12/20/23,404.1971,406.2955,398.8025,398.9807,-6.0182,-1.49%,54597653
12/21/23,402.9202,403.9892,400.3565,403.623,4.6423,1.16%,46037092
12/22/23,404.8405,405.8006,402.3448,404.2268,0.6038,0.15%,34666556
12/26/23,405.0879,407.3745,404.989,406.7014,2.4746,0.61%,22955959
12/27/23,406.9846,407.814,406.123,407.5293,0.8279,0.20%,32291997
12/28/23,408.688,408.9356,406.9747,407.3312,-0.1981,-0.05%,27292454
12/29/23,407.3114,407.668,403.6471,405.5684,-1.7628,-0.43%,43077770
1/2/24,401.9239,402.1715,396.3779,398.7053,-6.8631,-1.69%,58592271
1/3/24,396.0709,397.1306,394.0506,394.4863,-4.219,-1.06%,47460775
1/4/24,392.6146,395.7342,392.2383,392.4562,-2.0301,-0.51%,39816902
1/5/24,392.6245,395.7045,391.5252,392.9216,0.4654,0.12%,45360502
1/8/24,394.1496,401.3297,394.001,401.0425,8.1209,2.07%,42887534
1/9/24,398.0318,402.7657,397.8338,401.8348,0.7923,0.20%,39514082
1/10/24,402.1517,405.5635,401.2604,404.5582,2.7234,0.68%,34293615
1/11/24,405.8358,407.2326,400.3413,405.4,0.8418,0.21%,55067472
1/12/24,406.4399,407.2817,404.2116,405.608,0.208,0.05%,39980687
1/16/24,404.3701,407.1529,402.9043,405.5684,-0.0396,-0.01%,44330763
1/17/24,402.2507,403.6521,399.0321,403.2807,-2.2877,-0.56%,54915799
1/18/24,406.5587,409.5843,405.212,409.0049,5.7242,1.42%,60142838
1/19/24,411.2134,417.2743,410.6241,417.1159,8.111,1.98%,71010304
1/22/24,419.3244,420.6292,417.0564,417.6606,0.5447,0.13%,45317883
1/23/24,418.3538,419.6116,416.5118,419.3937,1.7331,0.41%,33325368
1/24/24,423.3155,425.7022,421.2258,421.721,2.3273,0.55%,47405429
1/25/24,424.2266,424.9,419.8889,422.236,0.515,0.12%,44799489
1/26/24,420.3444,422.0973,419.0669,419.7205,-2.5155,-0.60%,37498840
1/29/24,420.1761,424.2167,419.5224,424.0186,4.2981,1.02%,39071719
1/30/24,422.9788,423.5532,420.285,421.1961,-2.8225,-0.67%,37096862
1/31/24,416.7891,418.7895,412.7683,412.9465,-8.2496,-1.96%,64634281
2/1/24,414.7489,418.2994,413.7784,417.8091,4.8626,1.18%,51505596
2/2/24,419.7106,426.0885,418.7103,424.8704,7.0613,1.69%,60183119
2/5/24,424.9298,425.4645,420.899,424.3158,-0.5546,-0.13%,40277850
2/6/24,425.4645,426.0687,421.1169,423.464,-0.8518,-0.20%,36195365
2/7/24,426.2568,428.6535,424.9495,427.8216,4.3576,1.03%,38080044
2/8/24,427.9404,429.3764,427.2571,428.6139,0.7923,0.19%,30181025
2/9/24,429.7528,433.6201,428.9606,432.8328,4.2189,0.98%,37303852
2/12/24,432.7238,434.9026,430.4559,431.1392,-1.6936,-0.39%,33526816
2/13/24,423.157,427.1085,421.2263,424.4148,-6.7244,-1.56%,65119960
2/14/24,427.0986,429.4656,424.7415,429.0397,4.6249,1.09%,45532054
2/15/24,429.733,430.7827,427.1679,430.3173,1.2776,0.30%,39174102
2/16/24,430.6936,430.7926,425.7022,426.4153,-3.902,-0.91%,54239773
2/20/24,424.4148,425.93,419.4135,423.1966,-3.2187,-0.75%,54525544
2/21/24,420.4534,421.5923,417.5615,421.5031,-1.6935,-0.40%,50668520
2/22/24,430.2974,434.8828,429.525,433.8429,12.3398,2.93%,54412750
2/23/24,435.4076,436.3386,431.5849,432.5654,-1.2775,-0.29%,40242105
2/26/24,433.3775,434.3678,432.1445,432.3376,-0.2278,-0.05%,33365149
2/27/24,433.4468,433.7637,430.8273,433.3775,1.0399,0.24%,34041677
2/28/24,431.2284,432.4564,430.1093,431.0699,-2.3076,-0.53%,33259736
2/29/24,434.0014,435.8434,430.8223,434.7639,3.694,0.86%,42909149
3/1/24,435.6552,442.2708,435.5958,441.3101,6.5462,1.51%,44280279
3/4/24,441.3101,441.736,439.4879,439.7355,-1.5746,-0.36%,34660046
3/5/24,436.6852,436.6951,429.4656,431.8424,-7.8931,-1.79%,58481403
3/6/24,436.0712,437.7251,432.6743,434.556,2.7136,0.63%,46684876
3/7/24,438.151,442.4094,436.606,441.1517,6.5957,1.52%,44960438
3/8/24,441.5082,444.3109,434.1103,434.7837,-6.368,-1.44%,72884784
3/11/24,433.2883,434.4272,431.2383,433.1695,-1.6142,-0.37%,46306730
3/12/24,435.4869,439.7355,432.2484,439.379,6.2095,1.43%,55839715
3/13/24,438.3787,438.3986,434.8828,436.0019,-3.3771,-0.77%,38298150
3/14/24,437.2398,437.7647,432.1791,434.9026,-1.0993,-0.25%,52703758
3/15/24,431.8622,434.6385,428.566,429.733,-5.1696,-1.19%,73781738
3/18/24,435.0711,437.3618,433.5935,433.8315,4.0985,0.95%,47721788
3/19/24,431.8184,435.319,429.7161,434.9124,1.0809,0.25%,43365762
3/20/24,436.1123,440.4062,434.4066,440.069,5.1566,1.19%,44020525
3/21/24,445.1364,445.5926,441.9532,442.1515,2.0825,0.47%,39676497
3/22/24,441.6359,443.758,440.783,442.6573,0.5058,0.11%,28491513
3/25/24,439.8509,442.5383,438.8493,441.0508,-1.6065,-0.36%,28022803
3/26/24,442.5779,443.4952,439.3947,439.6228,-1.428,-0.32%,34429133
3/27/24,442.7168,442.8159,438.2444,441.1202,1.4974,0.34%,41707027
3/28/24,441.0706,441.9235,439.95,440.307,-0.8132,-0.18%,37149421
4/1/24,441.259,443.7977,439.3253,441.2392,0.9322,0.21%,39054610
4/2/24,436.4098,437.7485,434.3769,437.4312,-3.808,-0.86%,44631818
4/3/24,435.2991,440.2971,435.2892,438.413,0.9818,0.22%,40285675
4/4/24,442.6077,443.2225,431.4813,431.7093,-6.7037,-1.53%,57749226
4/5/24,433.1373,439.4741,432.3242,436.7966,5.0873,1.18%,55204996
4/8/24,437.7287,438.8096,435.5372,436.9255,0.1289,0.03%,28381595
4/9/24,439.2658,439.5435,433.7918,438.5419,1.6164,0.37%,39853872
4/10/24,433.3555,435.5768,432.6415,434.7141,-3.8278,-0.87%,62019322
4/11/24,436.5883,442.6077,434.3075,441.6557,6.9416,1.60%,45856935
4/12/24,437.4213,438.5518,433.2365,434.6149,-7.0408,-1.59%,54116219
4/15/24,438.3733,438.4625,426.6221,427.465,-7.1499,-1.65%,63987245
4/16/24,427.3064,430.1425,426.1164,427.5047,0.0397,0.01%,48019376
4/17/24,429.488,429.5078,421.3564,422.2886,-5.2161,-1.22%,57358855
4/18/24,422.9331,424.6685,419.3036,419.8788,-2.4098,-0.57%,46940782
4/19/24,418.6987,419.2243,409.6251,411.1919,-8.6869,-2.07%,75863584
4/22/24,413.8297,417.6674,410.4878,415.3271,4.1352,1.01%,48209665
4/23/24,417.2608,422.7249,415.3782,421.525,6.1979,1.49%,44757972
4/24/24,424.6289,426.1461,420.6623,422.953,1.428,0.34%,48847680
4/25/24,415.7436,421.7729,414.6528,420.9102,-2.0428,-0.48%,57874763
4/26/24,424.0537,428.9426,423.3596,427.4055,6.4953,1.54%,42227071
4/29/24,429.5178,430.1425,426.3941,429.141,1.7355,0.41%,30274580
4/30/24,427.5543,428.9525,420.9697,421.049,-8.092,-1.89%,44033124
5/1/24,419.621,426.5527,417.1518,418.0046,-3.0444,-0.72%,52691132
5/2/24,421.753,424.2422,417.122,423.3397,5.3351,1.28%,36866462
5/3/24,430.8169,432.8398,429.012,431.8482,8.5085,2.01%,48923207
5/6/24,433.653,436.6676,432.8795,436.5784,4.7302,1.10%,30481409
5/7/24,437.0247,438.2841,435.914,436.6478,0.0694,0.02%,31256676
5/8/24,434.0199,437.7982,433.9009,436.39,-0.2578,-0.06%,25106079
5/9/24,436.6577,437.9171,434.8033,437.342,0.952,0.22%,24786815
5/10/24,438.8493,440.6045,436.8253,438.3733,1.0313,0.24%,27344549
5/13/24,440.2872,440.3864,437.9667,439.3848,1.0115,0.23%,23187478
5/14/24,438.9584,442.7415,438.77,442.211,2.8262,0.64%,34768263
5/15/24,444.6901,449.3708,443.1729,449.1229,6.9119,1.56%,41813313
5/16/24,448.9345,450.898,448.042,448.2106,-0.9123,-0.20%,35072899
5/17/24,448.3395,448.9444,445.7908,447.9924,-0.2182,-0.05%,36104808
5/20/24,448.2106,451.7805,448.0172,451.1161,3.1237,0.70%,24680030
5/21/24,449.2617,452.1871,449.0634,451.9987,0.8826,0.20%,23362539
5/22/24,452.2565,453.0102,449.3014,451.9094,-0.0893,-0.02%,25331262
5/23/24,456.7091,456.7388,448.082,449.8766,-2.0328,-0.45%,41243157
5/24/24,451.493,455.4001,449.7848,454.1308,4.2542,0.95%,29918917
5/28/24,455.3505,455.9058,452.8813,455.8463,1.7155,0.38%,26437283
5/29/24,451.6814,454.4184,451.5425,452.6334,-3.2129,-0.70%,29989303
5/30/24,451.7012,451.8401,446.4553,447.7841,-4.8493,-1.07%,30972408
5/31/24,448.0122,448.7064,439.36,446.9511,-0.833,-0.19%,56411768
6/3/24,450.779,451.7805,444.1646,449.351,2.3999,0.54%,33274904
6/4/24,449.0931,451.7756,447.3687,450.5806,1.2296,0.27%,23967283
6/5/24,454.1605,459.7436,450.6183,459.6642,9.0836,2.02%,34101805
6/6/24,460.3485,460.6658,458.3354,459.5056,-0.1586,-0.03%,22151536
6/7/24,459.1387,461.8558,457.9883,459.099,-0.4066,-0.09%,26046925
6/10/24,457.9685,461.3104,457.6809,460.9534,1.8544,0.40%,20893951
6/11/24,459.6742,464.2358,458.1768,464.1168,3.1634,0.69%,22238666
6/12/24,468.0537,472.5261,467.3595,470.1957,6.0789,1.31%,34822914
6/13/24,473.7359,474.4003,470.4634,472.7442,2.5485,0.54%,26076476
6/14/24,472.5459,475.2631,472.0798,475.1936,2.4494,0.52%,23569164
6/17/24,475.4614,482.7996,474.1524,481.0147,5.8211,1.22%,37366124
6/18/24,480.9651,481.8477,479.3983,481.1634,0.1487,0.03%,24644028
6/20/24,482.3634,482.7786,475.6201,477.4546,-3.7088,-0.77%,34203857
6/21/24,477.177,478.5107,474.678,476.1754,-1.2792,-0.27%,39764527
6/24/24,474.9458,476.6839,470.6153,470.7543,-5.4211,-1.14%,38007970
6/25/24,472.85,476.4356,471.9065,476.1377,5.3834,1.14%,29449381
6/26/24,475.3133,477.6672,474.8961,477.1209,0.9832,0.21%,22891934
6/27/24,476.8726,479.8325,476.0582,478.3525,1.2316,0.26%,26400666
6/28/24,479.1472,483.9047,475.2239,475.8695,-2.483,-0.52%,35119029
7/1/24,476.7932,479.2266,473.0338,478.6605,2.791,0.59%,25067849
7/2/24,477.1607,483.7458,477.0315,483.6862,5.0257,1.05%,26905482
7/3/24,482.9314,487.8479,482.9314,487.7188,4.0326,0.83%,18187814
7/5/24,488.563,493.2412,488.2651,492.8042,5.0854,1.04%,28689945
7/8/24,493.1717,494.5274,492.1486,493.9762,1.172,0.24%,22259957
7/9/24,495.4958,496.6182,492.8836,494.4033,0.4271,0.09%,25876214
7/10/24,496.3301,500.1143,495.0191,499.5582,5.1549,1.04%,28237887
7/11/24,499.6674,499.876,487.4059,488.6027,-10.9555,-2.19%,50306763
7/12/24,489.1789,496.2407,488.712,491.4732,2.8705,0.59%,37362107
7/15/24,493.2511,497.6214,490.7481,492.7942,1.321,0.27%,31363432
7/16/24,494.2543,495.0687,489.8145,492.9829,0.1887,0.04%,26127316
7/17/24,484.9774,485.4923,478.442,478.5115,-14.4714,-2.94%,56651869
7/18/24,482.2461,482.4248,473.0487,476.2469,-2.2646,-0.47%,49683342
7/19/24,475.9092,478.432,470.7344,472.0256,-4.2213,-0.89%,42329100
7/22/24,477.9056,480.0808,474.4758,479.0578,7.0322,1.49%,40574428
7/23/24,478.1539,481.1535,476.8925,477.3693,-1.6885,-0.35%,23440944
7/24/24,470.6153,470.9828,459.3818,460.2459,-17.1234,-3.59%,59219132
7/25/24,460.5836,464.775,452.5483,455.1704,-5.0755,-1.10%,59660219
7/26/24,459.5208,462.7786,456.6603,459.8386,4.6682,1.03%,40264438
7/29/24,462.5601,464.7452,458.4928,460.7624,0.9238,0.20%,28410556
7/30/24,462.6992,463.4054,451.0783,454.4354,-6.327,-1.37%,41598562
7/31/24,464.7055,469.5922,463.2554,467.8838,13.4484,2.96%,44855494
8/1/24,468.5692,472.3336,452.8959,456.551,-11.3328,-2.42%,57039701
8/2/24,447.8404,450.5022,441.4638,445.7148,-10.8362,-2.37%,66774840
8/5/24,421.8374,439.2985,420.586,432.4253,-13.2895,-2.98%,88079138
8/6/24,434.2727,444.0462,431.6208,436.5572,4.1319,0.96%,63594529
8/7/24,443.4701,445.9631,431.4321,431.8294,-4.7278,-1.08%,55303142
8/8/24,438.0768,445.9532,434.1933,445.0394,13.21,3.06%,48216121
8/9/24,443.7184,449.0024,442.596,447.3636,2.3242,0.52%,33802528
8/12/24,448.337,451.2968,445.5207,448.327,0.9634,0.22%,27984278
8/13/24,452.737,459.7194,452.5979,459.4513,11.1243,2.48%,40357361
8/14/24,460.375,461.9635,455.2996,459.6003,0.149,0.03%,34970222
8/15/24,465.5895,471.6085,465.2121,471.2112,11.6109,2.53%,38541178
8/16/24,469.4234,473.1877,468.4599,471.8171,0.6059,0.13%,38644979
8/19/24,471.9561,478.0546,470.1683,478.0149,6.1978,1.31%,23899244
8/20/24,477.1011,479.6736,475.3133,477.0117,-1.0032,-0.21%,29408207
8/21/24,477.7964,481.0939,476.0781,479.2365,2.2248,0.47%,25833429
8/22/24,481.5607,482.256,470.6053,471.6383,-7.5982,-1.59%,37996494
8/23/24,475.9986,479.4749,472.0654,476.7534,5.1151,1.08%,36307072
8/26/24,476.2072,477.1309,470.0391,472.125,-4.6284,-0.97%,27639541
8/27/24,470.4861,474.6081,468.5195,473.5354,1.4104,0.30%,27697332
8/28/24,473.0686,473.7936,464.7254,468.162,-5.3734,-1.13%,37626892
8/29/24,470.0789,474.6974,466.1974,467.4766,-0.6854,-0.15%,41361157
8/30/24,471.827,473.6744,467.3277,473.0487,5.5721,1.19%,33694294
9/3/24,469.9994,470.1286,456.3028,458.6865,-14.3622,-3.04%,45291534
9/4/24,455.5677,461.3086,454.6341,457.4946,-1.1919,-0.26%,32726448
9/5/24,455.8657,462.2125,454.8417,457.9217,0.4271,0.09%,34686910
9/6/24,457.2165,458.1005,445.1586,445.6552,-12.2665,-2.68%,50969038
9/9/24,449.9957,452.3794,446.7809,451.3862,5.731,1.29%,33205689
9/10/24,453.1541,456.0644,449.1713,455.5578,4.1716,0.92%,29882413
9/11/24,456.7993,466.1953,448.2277,465.4504,9.8926,2.17%,58236792
9/12/24,465.4802,470.8338,463.6915,470.0193,4.5689,0.98%,40448985
9/13/24,469.2843,473.3069,469.0559,472.125,2.1057,0.45%,29310041
9/16/24,469.9895,470.6549,466.7118,470.0391,-2.0859,-0.44%,22739303
9/17/24,473.0686,474.3697,467.7845,470.2875,0.2484,0.05%,30289263
9/18/24,471.4893,475.5914,467.6455,468.2513,-2.0362,-0.43%,40180973
9/19/24,479.3458,482.9413,477.2401,480.0907,11.8394,2.53%,53141932
9/20/24,479.2266,480.4185,475.0649,479.1769,-0.9138,-0.19%,34813066
9/23/24,480.3576,481.5412,479.0148,480.4471,1.2702,0.27%,24976973
9/24/24,481.8595,483.7194,477.5925,482.7646,2.3175,0.48%,26092661
9/25/24,482.138,485.1716,481.9589,483.2122,0.4476,0.09%,26693084
9/26/24,490.7216,491.0499,483.1923,486.8426,3.6304,0.75%,32193007
9/27/24,487.8671,488.0063,482.9536,484.1372,-2.7054,-0.56%,22974423
9/30/24,483.1724,485.7883,480.3278,485.4501,1.3129,0.27%,30494289
10/1/24,485.0821,485.3805,474.8374,478.6866,-6.7635,-1.39%,42966033
10/2/24,477.7815,481.2826,475.1557,479.363,0.6764,0.14%,23872140
10/3/24,477.1648,481.944,476.4188,479.0049,-0.3581,-0.07%,25473938
10/4/24,484.8334,485.2611,479.7956,484.7041,5.6992,1.19%,30910827
10/7/24,482.7845,483.9582,478.2888,479.5121,-5.192,-1.07%,25109890
10/8/24,482.0584,487.3598,481.2478,486.6735,7.1614,1.49%,28424579
10/9/24,486.3751,491.0797,485.3307,490.5028,3.8293,0.79%,25129795
10/10/24,488.2152,491.8157,486.9022,489.9458,-0.557,-0.11%,25889372
10/11/24,488.1058,491.7362,487.5388,490.7117,0.7659,0.16%,20755813
10/14/24,493.1088,496.1523,492.6015,494.8295,4.1178,0.84%,26200741
10/15/24,495.1577,495.8241,486.0568,488.2152,-6.6143,-1.34%,34972225
10/16/24,488.5434,489.0507,484.9528,488.2749,0.0597,0.01%,23120807
10/17/24,493.7752,493.8249,488.5534,488.613,0.3381,0.07%,27357452
10/18/24,491.408,492.9098,490.652,491.8157,3.2027,0.66%,25471732
10/21/24,490.6023,493.5663,488.6727,492.7606,0.9449,0.19%,30500226
10/22/24,490.0851,494.7748,489.3292,493.2977,0.5371,0.11%,26829821
10/23/24,490.9405,491.5969,482.4463,485.7385,-7.5592,-1.53%,39558848
10/24/24,489.4684,490.3536,486.8127,489.6773,3.9388,0.81%,22143764
10/25/24,492.4822,497.5946,491.776,492.6612,2.9839,0.61%,38971292
10/28/24,495.7843,495.844,492.4424,492.7407,0.0795,0.02%,20588216
10/29/24,493.059,498.6588,491.1991,497.4752,4.7345,0.96%,28165187
10/30/24,496.7093,497.6642,493.2281,493.7155,-3.7597,-0.76%,29916486
10/31/24,489.737,489.7867,481.1533,481.2527,-12.4628,-2.52%,41467800
11/1/24,482.8939,488.1164,482.5955,484.8135,3.5608,0.74%,33837335
11/4/24,484.2068,486.7531,481.6551,483.4012,-1.4123,-0.29%,23417198
11/5/24,484.9925,490.2343,484.903,489.5679,6.1667,1.28%,24485231
11/6/24,497.873,503.6916,496.9182,502.8661,13.2982,2.72%,43314606
11/7/24,505.671,511.5691,505.6113,510.7834,7.9173,1.57%,33030400
11/8/24,510.2761,512.1535,509.6594,511.3802,0.5968,0.12%,23048119
11/11/24,512.6035,512.8125,508.1775,511.0818,-0.2984,-0.06%,24297827
11/12/24,511.0122,511.8973,507.0933,510.1567,-0.9251,-0.18%,25974629
11/13/24,509.6495,512.2156,507.2127,509.5003,-0.6564,-0.13%,24699986
11/14/24,509.1621,510.0374,505.0443,505.9594,-3.5409,-0.69%,28834279
11/15/24,500.2403,500.6282,491.8356,493.9045,-12.0549,-2.38%,51738724
11/18/24,495.4561,499.4446,494.0636,497.3359,3.4314,0.69%,27339357
11/19/24,494.7499,501.2484,494.4117,500.7575,3.4216,0.69%,24655345
11/20/24,500.4591,500.7774,493.8896,500.469,-0.2885,-0.06%,29724964
11/21/24,503.5225,504.2387,494.8892,502.2693,1.8003,0.36%,34713039
11/22/24,501.7123,503.811,500.0811,503.075,0.8057,0.16%,23955187
11/25/24,507.1629,508.7071,501.5557,503.8707,0.7957,0.16%,26517508
11/26/24,505.3527,507.4016,504.5073,506.5761,2.7054,0.54%,26700383
11/27/24,505.4422,505.5118,499.2357,502.5876,-3.9885,-0.79%,25092091
11/29/24,503.2142,507.6005,502.5976,507.0038,4.4162,0.88%,15416653
12/2/24,508.267,513.4888,507.8791,512.524,5.5202,1.09%,25282813
12/3/24,511.1912,514.374,510.6143,514.0955,1.5715,0.31%,18698269
12/4/24,517.527,520.7098,516.8108,520.4512,6.3557,1.24%,26226986
12/5/24,520.5009,521.227,518.6211,519.009,-1.4422,-0.28%,18267658
12/6/24,519.6754,523.8926,519.546,523.6539,4.6449,0.89%,23890845
12/9/24,522.7289,523.5246,518.4221,519.576,-4.0779,-0.78%,20785974
12/10/24,520.8093,522.5598,516.3732,517.8054,-1.7706,-0.34%,24481414
12/11/24,522.1818,527.7617,521.7741,527.0754,9.27,1.79%,32342111
12/12/24,524.8474,526.1206,523.1964,523.6738,-3.4016,-0.65%,23704743
12/13/24,527.6126,530.3041,524.4696,527.6822,4.0084,0.77%,28935723
12/16/24,530.2185,536.2559,530.1389,535.2812,7.599,1.44%,32152388
12/17/24,533.4809,534.5949,531.2628,532.9239,-2.3573,-0.44%,28733235
12/18/24,532.2774,533.9981,512.2455,513.6976,-19.2263,-3.61%,54994410
12/19/24,518.3923,518.9591,511.0718,511.41,-2.2876,-0.45%,46692337
12/20/24,507.7,522.0028,506.5562,515.8759,4.4659,0.87%,60856566
12/23/24,517.5944,521.2805,514.1873,520.9019,5.026,0.97%,29784910
12/24/24,522.8545,528.0548,522.2169,527.9652,7.0633,1.36%,17624540
12/26/24,526.3314,529.2404,524.3289,527.6065,-0.3587,-0.07%,19213721
12/27/24,524.0301,524.4684,515.9107,520.593,-7.0135,-1.33%,33967357
12/30/24,513.5696,517.4051,509.9034,513.6692,-6.9238,-1.33%,34714669
12/31/24,514.9544,515.7115,508.3394,509.3057,-4.3635,-0.85%,29227013
1/2/25,512.3642,514.6953,503.8065,508.3095,-0.9962,-0.20%,36527187
1/3/25,511.4177,517.6894,510.6009,516.6281,8.3186,1.64%,29169290
1/6/25,522.0476,525.9329,520.0651,522.5656,5.9375,1.15%,36246130
1/7/25,523.6117,524.0102,511.348,513.2408,-9.3248,-1.78%,36828828
1/8/25,513.1413,514.9742,508.6482,513.3305,0.0897,0.02%,30893987
1/10/25,509.5548,509.6544,502.0232,505.2809,-8.0496,-1.57%,40685541
1/13/25,499.3135,504.1153,497.8191,503.657,-1.6239,-0.32%,31813951
1/14/25,506.8251,508.2348,499.702,503.1789,-0.4781,-0.09%,33864664
1/15/25,511.099,515.9008,509.5348,514.7552,11.5763,2.30%,35089575
1/16/25,517.0265,517.1061,511.0193,511.1488,-3.6064,-0.70%,28335653
1/17/25,520.8819,522.1007,511.1772,519.7761,8.6273,1.69%,52033760
1/21/25,522.5058,523.9902,518.1024,522.8246,3.0485,0.59%,23717173
1/22/25,527.5767,531.8107,527.2678,529.5094,6.6848,1.28%,33719820
1/23/25,527.0487,530.7547,526.4609,530.6352,1.1258,0.21%,23183761
1/24/25,531.0137,531.7808,526.1621,527.6364,-2.9988,-0.57%,19953306
1/27/25,509.0766,516.0402,508.2298,512.2745,-15.3619,-2.91%,61001214
1/28/25,513.2807,521.0314,509.8536,519.8459,7.5714,1.48%,33319216
1/29/25,520.4934,520.623,514.9531,518.8696,-0.9763,-0.19%,26749684
1/30/25,521.7387,524.1147,516.2595,521.0812,2.2116,0.43%,27534943
1/31/25,524.9366,529.5172,519.2282,520.3241,-0.7571,-0.15%,38992165
2/3/25,511.5373,518.8891,509.1264,516.1598,-4.1643,-0.80%,40734123
2/4/25,516.6779,523.1334,516.2793,522.4958,6.336,1.23%,26145113
2/5/25,519.8559,525.0263,518.6604,524.8669,2.3711,0.45%,21213850
2/6/25,525.375,527.8158,523.7624,527.6065,2.7396,0.52%,19507828
2/7/25,528.1446,530.0971,520.2245,520.9517,-6.6548,-1.26%,29717254
2/10/25,525.2355,528.3608,524.7673,527.2579,6.3062,1.21%,20931486
2/11/25,523.9803,527.9253,523.8508,526.0026,-1.2553,-0.24%,19398516
2/12/25,520.334,527.1981,519.9854,526.3114,0.3088,0.06%,25103793
2/13/25,527.9851,534.2016,527.1981,533.8829,7.5715,1.44%,28823292
2/14/25,533.9925,536.8118,533.6537,536.1244,2.2415,0.42%,17929989
2/18/25,537.6984,537.9674,534.0223,537.3398,1.2154,0.23%,20642700
2/19/25,536.5428,538.7744,534.4408,537.4892,0.1494,0.03%,19741108
2/20/25,536.7022,537.0708,530.4558,535.2078,-2.2814,-0.42%,26651014
2/21/25,536.3535,536.3734,523.7312,524.0998,-11.108,-2.08%,47271637
2/24/25,525.893,527.0775,517.5745,517.9132,-6.1866,-1.18%,39416663
2/25/25,517.2855,517.3653,507.5225,511.3878,-6.5254,-1.26%,49124916
2/26/25,513.5896,517.7039,509.4452,512.6232,1.2354,0.24%,34587786
2/27/25,516.1797,517.1161,498.1678,498.387,-14.2362,-2.78%,52646056
2/28/25,498.2475,506.8649,495.0595,506.2572,7.8702,1.58%,47834053
3/3/25,509.5946,511.1089,491.7221,495.1791,-11.0781,-2.19%,44754054
3/4/25,492.3199,501.8439,485.8991,493.6847,-1.4944,-0.30%,68131854
3/5/25,494.3323,501.7343,489.4109,500.1204,6.4357,1.30%,46498724
3/6/25,491.8317,496.7033,484.3699,486.3624,-13.758,-2.75%,57791832
3/7/25,485.3263,491.4233,478.7213,489.9389,3.5765,0.74%,54996580
3/10/25,481.6303,482.1483,466.896,470.9506,-18.9883,-3.88%,76957676
3/11/25,470.5721,477.0027,465.2522,469.8249,-1.1257,-0.24%,69020499
3/12/25,477.3564,479.2493,470.0142,475.1249,5.3,1.13%,47148462
3/13/25,474.4574,474.4874,464.6743,466.5771,-8.5478,-1.80%,46739235
3/14/25,471.9469,478.7512,471.3392,477.8545,11.2774,2.42%,43727596
3/17/25,477.8047,484.0113,476.0015,480.9528,3.0983,0.65%,41902024
3/18/25,477.6055,477.8047,470.6318,472.7538,-8.199,-1.70%,39219825
3/19/25,475.0153,483.5032,473.0826,479.0799,6.3261,1.34%,40583060
3/20/25,475.085,482.7261,474.3876,477.456,-1.6239,-0.34%,36919471
3/21/25,472.2955,479.7972,471.125,479.0301,1.5741,0.33%,42394374
3/24/25,486.6287,490.3902,483.2964,489.5421,10.512,2.19%,34646035
3/25/25,490.2704,492.4953,489.3026,492.3357,2.7936,0.57%,26094653
3/26/25,491.1783,492.0364,481.72,483.2764,-9.0593,-1.84%,35123324
3/27/25,481.3109,485.4713,479.1558,480.5227,-2.7537,-0.57%,33546229
3/28/25,478.7168,479.4252,466.9836,467.8716,-12.6511,-2.63%,46469672
3/31/25,460.8676,468.7895,456.288,467.8516,-0.02,0.00%,53121336
4/1/25,466.2353,472.5509,463.3619,471.623,3.7714,0.81%,41250185
4/2/25,465.058,478.4674,464.7986,475.0651,3.4421,0.73%,50003233
4/3/25,455.4,459.0218,449.1144,449.6332,-25.4319,-5.35%,70617198
4/4/25,437.1417,439.3667,421.707,421.707,-27.9262,-6.21%,117355785
4/7/25,407.7289,442.1304,401.4732,422.7247,1.0177,0.24%,161920108
4/8/25,437.1617,442.1304,408.8563,415.112,-7.6127,-1.80%,101476507
4/9/25,414.6232,466.7641,414.4835,464.9383,49.8263,12.00%,143203069
4/10/25,452.5266,454.552,431.6443,445.1634,-19.7749,-4.25%,108628301
4/11/25,443.6369,454.7516,440.3245,453.3647,8.2013,1.84%,52603553
4/14/25,463.4018,463.9904,451.5987,456.4377,3.073,0.68%,44041441
4/15/25,457.4953,461.3265,455.1107,456.9465,0.5088,0.11%,35485050
4/16/25,448.0069,451.5887,436.7626,443.168,-13.7785,-3.02%,49092348
4/17/25,446.1512,446.7299,440.3544,443.0882,-0.0798,-0.02%,44939387
4/21/25,437.2316,438.0796,426.955,432.1232,-10.965,-2.47%,44250117
4/22/25,437.8202,446.5602,436.6229,443.4673,11.3441,2.63%,52423542
4/23/25,457.1261,462.3242,451.8482,453.5243,10.057,2.27%,55928529
4/24/25,455.44,466.5945,454.7914,466.2852,12.7609,2.81%,46061044
4/25/25,465.9061,472.0121,464.3297,471.4833,5.1981,1.11%,38785367
4/28/25,471.9523,473.7262,464.9682,471.3337,-0.1496,-0.03%,33627312
4/29/25,469.0988,475.3388,468.5201,474.4466,3.1129,0.66%,30683004
4/30/25,466.0657,476.1128,461.3764,474.3867,-0.0599,-0.01%,46917495
5/1/25,482.3086,486.07,479.6447,480.5825,6.1958,1.31%,43415423
5/2/25,485.4315,489.7915,483.7254,487.7162,7.1337,1.48%,39307563
5/5/25,483.4959,487.9158,482.997,484.8228,-2.8934,-0.59%,28374048
5/6/25,478.4674,483.9448,477.1005,480.3132,-4.5096,-0.93%,32860565
5/7/25,480.9816,484.6931,475.6957,482.1988,1.8856,0.39%,38196833
5/8/25,487.4169,491.5774,483.0669,487.1775,4.9787,1.03%,39667880
5/9/25,489.0931,490.4201,485.0873,486.8582,-0.3193,-0.07%,27830810
5/12/25,505.8349,506.7328,500.3374,506.6929,19.8347,4.07%,45193570
5/13/25,507.9999,516.2112,507.2616,514.4153,7.7224,1.52%,53391147
5/14/25,515.5926,518.0449,514.5749,517.4983,3.083,0.60%,47121857
5/15/25,515.3432,520.7408,513.9962,518.0669,0.5686,0.11%,50267733
5/16/25,519.4737,520.5114,515.9218,520.3218,2.2549,0.44%,48505115
5/19/25,513.0683,521.3395,513.0683,520.8206,0.4988,0.10%,52656077
5/20/25,518.2864,519.7431,515.4828,519.0846,-1.736,-0.33%,42614597
5/21/25,515.0938,521.8084,510.0752,511.8711,-7.2135,-1.39%,71455598
5/22/25,512.4896,516.5305,511.1328,512.8289,0.9578,0.19%,55734083
5/23/25,505.0267,510.6738,504.4281,508.0797,-4.7492,-0.93%,58501293
5/27/25,514.974,520.5214,513.4176,520.0324,11.9527,2.35%,47334147
5/28/25,520.9903,522.4868,517.2089,517.7277,-2.3047,-0.44%,46742695
5/29/25,525.1308,525.2804,516.1413,518.7454,1.0177,0.20%,58858096
5/30/25,518.2565,519.4937,510.7636,517.9273,-0.8181,-0.16%,67817310
6/2/25,516.0615,522.2574,514.7944,522.018,4.0907,0.79%,44865016
6/3/25,522.3671,527.5353,521.4991,526.0986,4.0806,0.78%,44170940
6/4/25,526.807,528.6329,524.7711,527.5653,1.4667,0.28%,41453745
6/5/25,528.972,531.8355,521.4691,523.5943,-3.971,-0.75%,61426552
6/6/25,528.7924,530.5883,527.0066,528.7126,5.1183,0.98%,42563980
6/9/25,528.9322,531.137,527.8047,529.4909,0.7783,0.15%,33765528
6/10/25,529.9597,533.6813,527.685,532.9929,3.502,0.66%,40757558
6/11/25,534.3996,535.557,528.9022,531.1969,-1.796,-0.34%,53812609
6/12/25,529.88,533.4219,529.6306,532.4441,1.2472,0.23%,34176366
6/13/25,526.4777,530.6582,524.5321,525.7594,-6.6847,-1.26%,55941856
6/16/25,529.2913,534.1502,529.2414,533.0727,7.3133,1.39%,37707912
6/17/25,530.4986,532.1149,526.7072,527.8745,-5.1982,-0.98%,42210976
6/18/25,528.8922,531.3366,526.1984,527.7848,-0.0897,-0.02%,44083934
6/20/25,531.0473,532.3443,523.6841,525.6297,-2.1551,-0.41%,61784267
6/23/25,526.2,531.5538,523.0437,531.0344,5.4047,1.03%,50723932
6/24/25,536.2683,540.0739,535.6491,539.155,8.1206,1.53%,45494576
6/25/25,541.4323,542.6809,538.7555,540.5334,1.3784,0.26%,44856037
6/26/25,542.7209,546.037,540.893,545.5875,5.0541,0.94%,43862184
6/27/25,546.6264,549.3532,543.9145,547.4554,1.8679,0.34%,57643845
6/30/25,550.6217,552.1599,548.3743,551.0012,3.5458,0.65%,45601506
7/1/25,549.0935,550.0724,544.0293,546.3567,-4.6445,-0.84%,56231806
7/2/25,545.5276,550.362,545.4876,550.1622,3.8055,0.70%,36580558
7/3/25,552.5395,556.5548,552.5395,555.576,5.4138,0.98%,26474152
7/7/25,552.8791,553.6981,548.9437,551.3908,-4.1852,-0.75%,45401871
7/8/25,552.7392,553.3685,550.4619,551.7005,0.3097,0.06%,36195109
7/9/25,553.838,556.9843,552.4596,555.6059,3.9054,0.71%,43095400
7/10/25,556.2452,556.6547,552.1099,554.8068,-0.7991,-0.14%,34751138
7/11/25,552.6593,555.1464,551.4108,553.5583,-1.2485,-0.23%,39664528
7/14/25,553.3485,556.3001,550.9913,555.566,2.0077,0.36%,36495559
7/15/25,559.6013,560.1507,556.0154,556.0753,0.5093,0.09%,43327770
7/16/25,556.6347,559.5614,550.9214,556.6447,0.5694,0.10%,52375342
7/17/25,557.3739,561.6589,556.5648,561.1495,4.5048,0.81%,40470561
7/18/25,562.468,564.0723,559.3316,560.6101,-0.5394,-0.10%,50543224
7/21/25,561.4392,565.4046,561.4092,563.5167,2.9066,0.52%,39641099
7/22/25,563.6466,563.6965,557.9632,560.6001,-2.9166,-0.52%,43320763
7/23/25,561.6889,563.1971,558.9321,563.1572,2.5571,0.46%,40261814
7/24/25,564.4757,565.5843,562.6427,564.3558,1.1986,0.21%,42324507
7/25/25,564.2758,567.0377,563.6167,565.7142,1.3584,0.24%,30666310
7/28/25,567.0826,568.3811,566.2136,567.4821,1.7679,0.31%,31535217
7/29/25,570.0991,571.4475,565.874,566.6032,-0.8789,-0.15%,45515999
7/30/25,567.5221,569.9593,564.3957,567.3623,0.7591,0.13%,43484051
7/31/25,573.8747,573.9646,563.2171,564.3558,-3.0065,-0.53%,64688405
8/1/25,558.1829,558.3727,551.0412,553.2387,-11.1171,-1.97%,69481149
8/4/25,558.4027,563.6616,558.3028,563.4468,10.2081,1.85%,47724964
8/5/25,564.7354,565.9047,559.0819,559.6213,-3.8255,-0.68%,48723017
8/6/25,560.4603,567.1026,559.9809,566.6631,7.0418,1.26%,41872083
8/7/25,571.008,572.6562,564.4557,568.5809,1.9178,0.34%,44514442
8/8/25,569.7895,574.1045,569.4898,573.8847,5.3038,0.93%,35296270
8/11/25,574.0246,576.1321,570.9082,572.1867,-1.698,-0.30%,33151283
8/12/25,574.494,579.678,571.8221,579.3783,7.1916,1.26%,42320405
8/13/25,582.0852,582.6444,578.2697,579.6681,0.2898,0.05%,41256968
8/14/25,577.6104,581.2063,577.2408,579.2186,-0.4495,-0.08%,45477651
8/15/25,579.1286,579.1687,574.9078,576.6715,-2.5471,-0.44%,49537459
8/18/25,575.7725,577.096,574.5752,576.4417,-0.2298,-0.04%,29865484
8/19/25,575.7226,575.8924,567.592,568.6209,-7.8208,-1.36%,53814908
8/20/25,567.672,567.7918,558.193,565.2448,-3.3761,-0.59%,76869998
8/21/25,563.6965,565.8341,560.3304,562.6278,-2.617,-0.46%,46490731
8/22/25,564.0161,573.3253,562.6178,571.3077,8.6799,1.54%,51561802
8/25/25,569.7396,572.6233,568.5009,569.6596,-1.6481,-0.29%,34084167
8/26/25,569.1702,572.2566,568.1414,571.947,2.2874,0.40%,34142531
8/27/25,570.9282,573.74,569.7096,572.826,0.879,0.15%,36969903
8/28/25,573.4452,577.3307,571.7971,576.4118,3.5858,0.63%,46842037
8/29/25,573.9946,574.3642,567.8817,569.7396,-6.6722,-1.16%,56095347
9/2/25,560.6601,565.3098,558.8871,564.9651,-4.7745,-0.84%,65953060
9/3/25,568.5709,571.033,566.0688,569.4099,4.4448,0.79%,54293067
9/4/25,570.0791,574.9335,568.3662,574.5639,5.154,0.91%,47581297
9/5/25,579.8178,580.4471,570.8683,575.393,0.8291,0.14%,68421721
9/8/25,577.7003,580.1674,577.101,578.1997,2.8067,0.49%,46425055
9/9/25,578.9988,580.2674,576.3719,579.8379,1.6382,0.28%,44058512
9/10/25,583.0641,583.0941,577.8801,580.0276,0.1897,0.03%,49365062
9/11/25,582.5647,584.2028,580.9466,583.4037,3.3761,0.58%,44797572
9/12/25,584.3626,587.1793,583.4237,585.9807,2.577,0.44%,50804622
9/15/25,587.7586,591.1048,587.6138,590.9949,5.0142,0.86%,44411726
9/16/25,591.9238,592.1735,589.8062,590.4954,-0.4995,-0.08%,36984926
9/17/25,590.4156,591.0648,583.6884,589.3169,-1.1785,-0.20%,69465230
9/18/25,594.2212,597.4474,592.2735,594.6307,5.3138,0.90%,61139992
9/19/25,596.6384,599.3552,595.1601,598.656,4.0253,0.68%,58263563
9/22/25,597.74,602.87,597.72,602.2,3.544,0.59%,57154700
9/23/25,602.37,602.57,596.98,598.2,-4,-0.66%,64635400
9/24/25,599.58,599.9,593.36,596.1,-2.1,-0.35%,49850300
9/25/25,592.2,595.115,588.5,593.53,-2.57,-0.43%,70920200
9/26/25,594.35,596.3,591.06,595.97,2.44,0.41%,54337400
9/29/25,599.11,602.05,597.41,598.73,2.76,0.46%,48332900
9/30/25,598.43,600.71,596.1,600.37,1.64,0.27%,46533800
10/1/25,597.17,603.79,596.34,603.25,2.88,0.48%,46899600
10/2/25,607.06,607.16,602.93,605.73,2.48,0.41%,43765400
10/3/25,606.51,607.3255,601.385,603.18,-2.55,-0.42%,46482100
10/6/25,608.45,609.36,605.97,607.71,4.53,0.75%,41962100
10/7/25,609.02,609.71,603.03,604.51,-3.2,-0.53%,58209400
10/8/25,605.41,611.75,605.26,611.44,6.93,1.15%,50629700
10/9/25,611.48,611.61,607.48,610.7,-0.74,-0.12%,45550900
10/10/25,611.4,613.18,589.05,589.5,-21.2,-3.47%,97614700
10/13/25,599.68,602.95,597.23,602.01,12.51,2.12%,65872500
10/14/25,595.31,602.69,590.13,598,-4.01,-0.67%,69203100
10/15/25,604.01,606.7,595.93,602.22,4.22,0.71%,62805400
10/16/25,605.11,608.31,595.5,599.99,-2.23,-0.37%,70981900
10/17/25,597.95,605.51,596.37,603.93,3.94,0.66%,72024800
10/20/25,607.14,612.8,607.065,611.54,7.61,1.26%,45761700
10/21/25,611.64,612.7213,609.32,611.38,-0.16,-0.03%,44538100
10/22/25,610.82,611.41,599.74,605.49,-5.89,-0.96%,61477200
10/23/25,604.91,611.37,604.52,610.58,5.09,0.84%,42844200
10/24/25,615.99,618.42,615.13,617.1,6.52,1.07%,47632400
10/27/25,624.52,628.55,624.03,628.09,10.99,1.78%,54098600
10/28/25,630.36,634.68,629.25,632.92,4.83,0.77%,61195700
10/29/25,635.59,637.01,630.25,635.77,2.85,0.45%,67422800
10/30/25,632.17,633.5,625.94,626.05,-9.72,-1.53%,61628600
10/31/25,634.17,634.2,626.69,629.07,3.02,0.48%,66305100
11/3/25,635.11,635.82,629.85,632.08,3.01,0.48%,37144100
11/4/25,623.28,626.95,618.455,619.25,-12.83,-2.03%,63825600
11/5/25,618.49,626.6,617.21,623.28,4.03,0.65%,48662900
11/6/25,621.79,622.04,610.3,611.67,-11.61,-1.86%,72115100
11/7/25,608.31,609.95,598.67,609.74,-1.93,-0.32%,81835300
11/10/25,618.92,624.31,616.89,623.23,13.49,2.21%,55919900
11/11/25,620.57,622.72,617.52,621.57,-1.66,-0.27%,44868800
11/12/25,624.84,624.86,617.81,621.08,-0.49,-0.08%,47444300
11/13/25,617.54,618.12,606.08,608.4,-12.68,-2.04%,71333600
11/14/25,599.55,613.35,597.17,608.86,0.46,0.08%,80087200
11/17/25,606.3,612.48,599.87,603.66,-5.2,-0.85%,63850300
11/18/25,599.62,602.31,591.34,596.31,-7.35,-1.22%,83327200
11/19/25,597.07,606.16,594.59,599.87,3.56,0.60%,73111400
11/20/25,611.62,614.03,584.75,585.67,-14.2,-2.37%,117743100
11/21/25,587.47,596.98,580.74,590.07,4.4,0.75%,103344100
11/24/25,595.28,606.68,595.16,605.16,15.09,2.56%,60168100
11/25/25,603.51,610.2601,597.32,608.89,3.73,0.62%,57560800
11/26/25,612.51,616.19,610.39,614.27,5.38,0.88%,42393600
11/28/25,616.11,619.32,615.4174,619.25,4.98,0.81%,23034300
12/1/25,613.63,619.4401,612.52,617.17,-2.08,-0.34%,40957500
12/2/25,619.46,623.75,617.59,622,4.83,0.78%,54541800
12/3/25,619.62,624.22,618.03,623.52,1.52,0.24%,47841600
12/4/25,624.93,624.94,619.54,622.94,-0.58,-0.09%,47067700
12/5/25,624.38,628.92,623.71,625.48,2.54,0.41%,53614100
Downloaded from Barchart.com as of 12-07-2025 01:35pm CST,,,,,,,